Brand Name,Campaign Name,AdvertiserName,TTD Campaign Name
3c3c,3c3c - 2300AC,3c3c_TW,3c3c_2300AC_2020_06_TW
3M,Command GP,3M_SG,3M_Command GP_2021_12_CPE_SG
3M,3M Disposable Mop & Refill CNY Campaign HK 2021,3M_HK,3M_Disposable Mop & Refill CNY_2021_01_HK
Activision,Call Of Duty Modern Warfare,Activision,Activision Call of Duty Modern Warfare (FR)
Address,Launch,Address_AE,ADDRESS_LAUNCH_2021_01_AE
ABC,American Idol ABC S4,American Idol,American Idol | ABC S4 | Sensory Engagement | CPE
ABC,American Idol ABC S4,American Idol,American Idol | ABC S4 | Sensory Engagement | AV
AppleTV+,Foundation,Apple TV Plus,Apple TV Plus | Sensory Video | CPM | Foundations
AppleTV+,Foundation,Apple TV Plus,Apple TV Plus | Sensory Tap | CPM | Human Story
AppleTV+,Foundation,Apple TV Plus,Apple TV Plus | Sensory Tap | CPM AV | Human Story
Balenciaga,Balenciaga FW,Balenciaga_HK,Balenciaga_FW Campaign_2021_09_CPE_HK
Balenciaga,Hacker Project,Balenciaga_HK,Balenciaga_Q4 Always On_2021_12_CPE_HK
Balenciaga,Balenciaga Spring 22,Balenciaga_HK,Balenciaga_Spring 22_2021_11_CPE_HK
Bandai - Little nightmares 2,Little Nightmares,Bandai Namco,Bandai - Little nightmares 2
Bandai - Little nightmares 2,Little Nightmares,Bandai Namco,Bandai - Little nightmares 2 - CPE Algo
Bandai - Little nightmares 2,Little Nightmares,Bandai Namco,Bandai Scarlett Nexus 2021_CPM | CTR & VTR | FS & MPU | FR
Bandai - Little nightmares 2,Little Nightmares BIS,Bandai Namco,Bandai - Little nightmares 2
Bandai - Little nightmares 2,Little Nightmares BIS,Bandai Namco,Bandai - Little nightmares 2 - CPE Algo
Bandai - Little nightmares 2,Little Nightmares BIS,Bandai Namco,BEA_2021 Q1 Campaign_2021_02_CPeC_HK
Bandai - Little nightmares 2,Little Nightmares BIS,Bandai Namco,BEA_2021 Q1 Campaign_2021_02_CPeC_HK - CPE Algo
BANDAI NAMCO,Scarlet Nexus,Bandai Namco,Bandai Scarlett Nexus 2021_CPM | CTR & VTR | FS & MPU | FR - CPE Algo
BEA,SupremeAccount Revamp,BEA_HK,BEA_Supreme Account Revamp_2021_08_CPEC_HK
UGG,Classic & Mini,UGG,BIO - UGG - Dec 2021 | CPE&CTR | FS
UGG,Classic & Mini,UGG,BIO - UGG - Sept 2021 | CPE/CTR | FS
UGG,Classic & Mini,UGG,UGG - UK Sept 2021 | CPE/CTR | FS | UK
UGG,Feel YOU,UGG,BIO - UGG - Feel You | CPE & CTR | FS
UGG,Feel YOU,UGG,UGG - Feel You Oct 2021 | CPE & CTR | FS | DE
UGG,Feel YOU,UGG,UGG - Feel You Oct 2021 | CPE & CTR | FS | FR
UGG,Feel YOU,UGG,UGG - Feel You Oct 2021 | CPE & CTR | FS | UK
PUIG,Carolina Herrera - Good Girl,PUIG,BIO_PUIG_CH_JPG
PUIG,Carolina Herrera - Bad Boy,PUIG,BIO_PUIG_CH_JPG
Blue Ice Beer,Lucky Draw,Blue Ice Beer_HK,Blue Ice Beer_Lucky Draw_2021_07_CPE_HK
Blue Ice Beer,Lucky Draw,Blue Ice Beer_HK,Blue Ice Beer_Lucky Draw_2021_07_CPE_HK - CPE Algo
BMW,BMW - X Crew,BMW_ZA,BMW_X-CREW_2020_08_ZA
BMW,BMW - X Crew,BMW_ZA,BMW | X3 X4 Relaunch | 2021-12 | ZA
Boucheron,Boucheron EOY 2021 HK,Boucheron_HK,Boucheron_EOY_2020_11_HK
Boucheron,Boucheron EOY 2021 HK,Boucheron_HK,Boucheron_EOY_2021_11_CPE_HK
Boucheron,Boucheron EOY 2021 HK,Boucheron_HK,Boucheron_EOY_2021_11_CPE_HK - CPE Algo
Boucheron,Boucheron EOY 2021 HK,Boucheron_HK,Boucheron_EOY 2020_BIO
Boucheron,Boucheron EOY 2021 HK,Boucheron_HK,Boucheron_EOY 2021_BIO
Brioni,Brioni Apr,Brioni_HK,Brioni_Apr 2021_2021_04_CPE_HK
Brioni,Brioni Apr,Brioni_HK,Brioni_Apr 2021_BIO
Bungie,Destiny 2,Bungie Destiny 2,Bungie Destiny 2 | BIO
Bungie,Destiny 2,Bungie Destiny 2,Bungie Destiny 2 | Sensory User Choice | AV
Bungie,Destiny 2,Bungie Destiny 2,Bungie Destiny 2 | Sensory User Choice | CPE
Bungie,Destiny 2,Bungie Destiny 2,Bungie Destiny 2 | Winback Q1 Campaign | Sensory Video | AV
Bungie,Destiny 2,Bungie Destiny 2,Bungie Destiny 2 | Winback Q1 Campaign | Sensory Video | CPE
Bungie,Destiny 2 Season 13,Bungie Destiny 2,Bungie Destiny 2 Season 13 FY21 Campaign | Sensory Video | CPE
Bungie,Destiny 2 Season 13,Bungie Destiny 2,Bungie Destiny 2 Season 13 FY21 Campaign | Sensory Video | CPE AV
Calzedonia,Calzedonia_Mare_Campaign,Calzedonia_HK,Calzedonia_Mare Campaign_2021_05_CPE_HK
Captain Morgan,Captain Morgan,Captain Morgan's,Captain Morgan | CPM | BIO | FR
Captain Morgan,Captain Morgan,Captain Morgan's,Captain Morgan | CPM | FS & MPU | FR
Cartier,Cartier Clash,Cartier_HK,Cartier_Clash de Cartier_2020_10_TW
Cartier,Cartier Clash,Cartier_HK,Cartier_Clash_2021_09_CPE_HK
Cartier,Cartier Clash,Cartier_HK,Cartier_EOY Campaign_2020_12_TW
Cartier,Cartier Clash,Cartier_HK,Cartier_FY22 Vday_2022_02_CPE_HK
Cartier,Cartier Clash [Un]Limited,Cartier_HK,Cartier_Clash Unlimited_2021_08_CPE_HK
Cartier,Cartier - Panthere (FY22),Cartier_TW,Cartier_Panthere_TW
Cartier,Cartier Panthere France,Cartier_TW,Cartier_Panthere_TW
Cartier,PanthÃ¨re,Cartier_TW,Cartier_Panthere_TW
Chanel,Coco Crush - SOCIAL,chanel_UK,Chanel | Coco Crush EOY | CPM | 2021-12 | UK
Chanel,Coco Crush - SOCIAL,chanel_UK,Chanel | Coco Crush EOY | CPE Retargeting | 2021-12 | UK
Chanel,J12,chanel_UK,Chanel | J12 | CPE | 2021-07 | UK
Chanel,J12,chanel_UK,Chanel | J12 | CPE | 2021-07 | UK - CPE Algo
Chanel,Chanel J12 Singapore,chanel_UK,CHANEL_J12_2021_09_SG
Chanel,Chanel J12 Singapore,chanel_UK,CHANEL_J12_2021_09_SG - CPE Algo
Chanel J12,Chanel J12 Taiwan,Chanel_TW,Chanel_J12_2021_06_CPE_TW
Chanel,Coco Crush,chanel_UK,Chanel_Coco Crush_2022_01_CPE_HK
Chanel,Chanel Coco Crush,chanel_UK,Chanel_Coco Crush_2022_01_CPE_HK
Chanel,Chanel J12 2020,Chanel_HK,Chanel_J12_2020_09_HK
Checkers,Project P1,CHECKERS_ZA,CHECKERS_PROJECT P_2021_10_ZA
Clinique,Clinique EBCF,Clinique - FR,Clinique - EBCF | CPE | FS & MPU | FR - CPE Algo
Clinique,Clinique EBCF,Clinique - FR,Clinique - EBCF | CPE | FS & MPU | FR
Converse,Twisted - Summer 2020,Converse,Converse_Twisted_Summer_2020
Converse,Twisted - Summer 2020,Converse,Converse_Twisted_Summer_2020 - CPE Algo
Crax Curls,Devil Angel,Crax_IN,Crax | Crax Curls Lucknow | 2021-12 | IN
Create Space,Declutter Your Home to Clear Your Mind,DK - Create Space,Create Space -- Declutter Your Home to Clear Your Mind
Dabur,Dabur - Honey Tasties,Dabur - ID,Dabur - Honey Tasties - 2021 -Nov
Dabur,Honey Tasties Phase 2,Dabur - ID,Dabur - Honey Tasties Phase II- 2021 Dec
Dabur,Dabur - Chyawanprash,Dabur Chyawanprash_IN,DABUR CHYAWANPRASH_2020_06_APAC
DBS,DBS Sparks,DBS Bank_SG,DBS_SPARKS_2020_08_SG
DBS,DBS Sparks,DBS Bank_SG,DBS_SPARKS_BIO
Dior,Dior Forever,DIOR_SG,DIOR_POP UP_2021_09_SG
Discovery,OWN Cherish,Icon Discovery,Discovery OWN Cherish The Day | Sensory Video | CPE
Discovery,Discovery OWN Cherish,Icon Discovery,Discovery OWN Cherish The Day | Sensory Video | CPE
DTC - Silent Pool Distillers,DTC - Silent Pool,Silent Pool,DTC - Silent Pool
DTC Test - Omnia,DTC Test - Omnia,Adludio Test Advertiser,DTC ads - Landing Pages - 3.2
Dyson,Dyson Valentine's Day 2021 HK,Dyson_HK,Dyson_Valentine's Day_2021_01_HK
EA Games_Battlefield,Battlefield V,EA Games_SG,EA GAMES_FIFA 21_BIO
EA Games_Battlefield,Battlefield V,EA Games_SG,EA GAMES_FIFA 21_2020_10_SG
Easycard Corporation,Easywallet - temple run,Easycard_TW,Easycard_Easy Wallet Temple Run_2021_01_TW
Easycard Corporation,Easywallet - temple run,Easycard_TW,Easycard_Easy Wallet Credit Card_2020_10_TW
Easycard Corporation,Easywallet - temple run,Easycard_TW,Easycard_Easy Wallet Slot Machine 2_2020_12_TW
Easycard Corporation,Easywallet - temple run,Easycard_TW,Easycard_Easy Wallet Slot Machine 2_BIO
Easycard Corporation,Easywallet - temple run,Easycard_TW,Easycard_Easy Wallet Slot Machine_2020_11_TW
ECB Vitality,ECB Vitality 2019,ECB,ECB - Blast | CPE | 320X480 | UK - CPE Algo
ECB Vitality,ECB Vitality 2019,ECB,ECB - Blast | CPE | 320X480 | UK
Facebook,Whatsapp D Mode,Facebook_UK,Facebook | WhatsApp D-Mode | 2021-09 | UK
Facebook,Facebook Conversational Commerce 3.0,Facebook_SG,FACEBOOK_CC 3.0_2021_08_VN_FS_PARTNER
Facebook,Facebook Conversational Commerce 3.0,Facebook_SG,FACEBOOK_CC3.0_2021_08_TH_FS_PARTNER
Facebook,Facebook Conversational Commerce 3.0,Facebook_SG,FACEBOOK_CC3.0_2021_08_TH_MPU_FIA
Facebook,Facebook Conversational Commerce 3.0,Facebook_SG,FACEBOOK_CC3.0_2021_08_TH_FS_FIA
Facebook,Facebook Conversational Commerce 3.0,Facebook_SG,FACEBOOK_CC3.0_2021_08_VN_FS_FIA
Facebook,Facebook Conversational Commerce 3.0,Facebook_SG,FACEBOOK_CC3.0_2021_08_VN_MPU_FIA
Facebook,Facebook Conversational Commerce 3.0,Facebook_SG,FACEBOOK_CC3.0_2021_08_VN_MPU_PARTNER
Facebook,Facebook Conversational Commerce 3.0,Facebook_SG,FACEBOOK_CC3.0_2021_08_TH_MPU_PARTNER
Facebook,Facebook Conversational Commerce 3.0,Facebook_SG,FACEBOOK_CONVERSATIONAL COMMERCE_2020_09_ID
Facebook,Facebook Conversational Commerce 3.0,Facebook_SG,FACEBOOK_CONVERSATIONAL COMMERCE_2020_09_TH
Facebook,Facebook Conversational Commerce 3.0,Facebook_SG,FACEBOOK_CONVERSATIONAL COMMERCE_2020_09_PH
Facebook,Facebook Conversational Commerce 3.0,Facebook_SG,FACEBOOK_CONVERSATIONAL COMMERCE_2020_09_VN
Fair Price,Fair Price Christmas,Fairprice_SG,FAIRPRICE_CHRISTMAS_11_2020_SG
Fanduel,Daily Fantasy,FanDuel,FanDuel Daily Fantasy
FEMSA,CHÃ LEÃƒO COM GÃS,FEMSA_BR,FEMSA_CHÃ LEÃƒO COM GÃS_09_2021_BR
FEMSA,CHÃ LEÃƒO COM GÃS,FEMSA_BR,FEMSA_COCA COLA SEM AÃ‡ÃšCAR_09_2021_BR
FEMSA,CHÃ LEÃƒO COM GÃS,FEMSA_BR,FEMSA_COCA COLA Vila de Natal_Dec_2021_BR
FOX,9-1-1 Lonestar Premiere,Fox TV,Fox 9-1-1 S4 Premiere | Sensory Video | AV
FOX,9-1-1 Lonestar Premiere,Fox TV,Fox 9-1-1 S4 Premiere | Sensory Video | CPE
FOX,9-1-1 Lonestar Premiere,Fox TV,Fox_9-1-1 Lonestar
Fresh,Fresh Rose Deep Hydration,Fresh_SG,FRESH_ROSE DEEP HYDRATION_2020_05_SG
Fresh,Fresh Rose Deep Hydration,Fresh_SG,FRESH_ROSE DEEP HYDRATION_2020_05_SG - CPE Algo
FT Life,FT Life HC 168+,FT Life_HK,FT Life_HC168_2020_11_HK
Gala Bingo,Club Attack,GalaBingo,GalaBingo
Gala Bingo,Club Attack,GalaBingo,GalaBingo - CPE Algo
Gala Bingo,Boss Benefits,GalaBingo,GalaBingo BOSS 2021 | Sensory Engagement | CPE | FS & MPU | UK
Gala Bingo,Boss Benefits,GalaBingo,GalaBingo BOSS 2021 | Sensory Engagement | CPE | FS & MPU | UK - CPE Algo
GHD,XMAS,GHD,GHD - Xmas
Royal Navy,Mariners,GOV,GOV - Royal Navy - 2021
Royal Navy,Mariners,GOV,GOV - Royal Navy - 2021 - CPE Algo
Royal Navy,Mariners,GOV,GOV - Royal Navy - BIO
Royal Navy,Mariners,GOV,GOV - Royal Navy - CPE Algo
Government - Royal Navy,Join the Submariners,GOV,GOV - Royal Navy - 2021
Royal Navy,Submariners,GOV,GOV - Royal Navy - Submariners 2021
Royal Navy,Submariners,GOV,GOV - Royal Navy - Submariners Summer 2021
Royal Navy,Submariners,GOV,GOV - Royal Navy - Submariners Summer 2021 - CPE Algo
Grab,CNY 2021,Grab_SG,Grab_CNY_2021_02_SG
Grofers,Veggies Noodles,Grofers_ID,Grofers_Veggies Noodles_2021_Dec
Growth Energy,Get Biofuel 2021,Growth Energy,Growth Energy Get Biofuel | BIO
Growth Energy,Get Biofuel 2021,Growth Energy,Growth Energy Get Biofuel | User Choice | CPE
Growth Energy,Get Biofuel 2021,Growth Energy,Growth Energy Get Biofuel | User Choice | CPE - CPE Algo
Growth Energy,Get Biofuel 2021,Growth Energy,Growth Energy Get Biofuel | User Choice | CPE AV
Growth Energy,Get Biofuel 2021,Growth Energy,Growth Energy Get Biofuel | User Choice | CPE AV - CPE Algo
GUCCI,Winter 21 Campaigns,GUCCI_HK,Gucci | Winter in the Park | 2021-04 | HK
GUCCI,Winter 21 Campaigns,GUCCI_HK,Gucci | Winter in the Park | BIO | 2021-04 | HK
GUCCI,Winter 21 Campaigns,GUCCI_HK,Gucci_Winter 21_P1_BIO
GUCCI,Winter 21 Campaigns,GUCCI_HK,Gucci_Winter 21_P2_BIO
GUCCI,Winter 21 Campaigns,GUCCI_HK,Gucci_Winter_2021_10_CPE_HK
GUCCI,Gucci_HK_TNF_and_Epilogue_2021,GUCCI_HK,GUCCI_TNF_2021_01_HK
Gucci,Gucci Vietnam 100th Anniversary,GUCCI_HK,Gucci | 100th Anniversary | 2021-10 | VN
Gucci,Gucci Beloved,GUCCI_SG,GUCCI_BELOVED_2021_05_SG
GUCCI,GUCCI - Ouverture,GUCCI_HK,Gucci_Ouverture_2021_07_CPE_HK
GUCCI,GUCCI - Ouverture,GUCCI_HK,Gucci_Onventure_BIO
Gucci,Gucci Aria Malaysia,GUCCI_MY,GUCCI_ARIA_2021_08_MY
GUCCI,GUCCI Q1,GUCCI_HK,Gucci_Q1_2022_01_CPE_HK
Gucci,Gucci Epilogue MY Campaign,GUCCI_MY,GUCCI_EPILOGUE_2020_12_MY
Gucci,Gucci Epilogue MY Campaign,GUCCI_SG,GUCCI_EPILOGUE_2020_12_SG
Heineken SA,Celebrations,Heineken_TW,Heineken | Celebration | 2021-12 | ZA
Heineken SA,Celebrations,Heineken_TW,Heineken | Celebration | BIO | 2021-12 | ZA
Heineken,Heineken - Don't drink and drive,Heineken_TW,Heineken_Don't Drink and Drive_2020_12_TW
Heineken,Heineken Festive,HEINEKEN_SG,HEINEKEN_FESTIVE_2020_12_SG
Heineken,Heineken Pure Malt,HEINEKEN_SG,HEINEKEN_PURE MALT_2021_03_SG
Heineken,Heineken Pure Malt,HEINEKEN_SG,HEINEKEN_PURE MALT_2021_03_SG - CPE Algo
Henri Bardouin,Henri Baroduin Q2-Q3,Henri Bardouin,Henri Baroduin Q2-Q3
Henri Bardouin,Henri Baroduin Q2-Q3,Henri Bardouin,Henri Baroduin Q2-Q3 - CPE Algo
Hermes,Hermes Christmas 2021,Hermes_SG,Hermes | Christmas 2021 | 2021-12 | SG
Hermes,Hermes Fashion Week 2021 - Style,Hermes_SG,Hermes Fashion Week 2021
Hermes,Christmas,Hermes_SG,HERMES_CHRISTMAS
Hermes,Hermes Christmas 2020,Hermes_SG,HERMES_CHRISTMAS - CPE Algo
Hill's,Hill's 2021 A Step Ahead Equity Campaign,Hill's Pet Food_HK,Hill's_2021 Equity Campaign_BIO
Hill's,Hill's 2021 A Step Ahead Equity Campaign,Hill's Pet Food_HK,Hill's_2021 Equity Campaign_2021_05_CPL_HK
Hill's,Hill's 2021 A Step Ahead Equity Campaign,Hill's Pet Food_HK,Hill's_2021 H2 Korea_2021_09_CPL_HK
Hill's,Hill's 2021 A Step Ahead Equity Campaign,Hill's Pet Food_HK,Hill's_2021 H2 Korea_2021_09_CPL_HK - CPE Algo
Hill's Pet Food,Hill's Pet Food 2021 H2 Korea,Hill's Pet Food_HK,Hill's_2021 H2 Korea_BIO
HKU,HKU MBA Part time,HKU_HK,HKU_HKU MBA Part Time_2020_05_HK
HSBC,HSBC Life - Family Protector,HSBC_HK,HSBC_HSBC Life_Family Protector_2020_10_HK
HSBC,HSBC CMB CNY,HSBC_HK,HSBC_CMB 2022 CNY_2022_01_CPC_HK
HSBC,HSBC CMB -Digital Capability Campaign,HSBC_HK,HSBC_CMB Digital Capability_2021_09_CPC_HK
Hulu,Crossing Swords,Hulu,Hulu Crossing Swords | Sensory Video | AV
Hulu,Crossing Swords,Hulu,Hulu Crossing Swords | Sensory Video | CPM
Hulu,Hit Monkey,Hulu,Hulu Hit Monkey | Sensory Video | CPM | Page Flip
Hulu,Hit Monkey,Hulu,Hulu Hit Monkey | Sensory Video | CPM | Scrub
Hulu,Hit Monkey,Hulu,Hulu Hit Monkey | Sensory Video | CPM AV | Page Flip
Hulu,MODOK,Hulu,Hulu Modok S1 FY21 | Sensory Engagement | CPM - CPE Algo
Hulu,MODOK,Hulu,Hulu Modok S1 FY21 | Sensory Engagement | CPM
Hulu,MODOK,Hulu,Hulu Modok S1 FY21 | Sensory Engagement | CPM AV
Hulu,MODOK,Hulu,Hulu Modok S1 FY21 | Sensory Engagement | CPM AV - CPE Algo
Hulu,MODOK,Hulu,Hulu Modok S1 FY21 | Sensory Video | CPM
Hulu,MODOK,Hulu,Hulu Modok S1 FY21 | Sensory Video | CPM - CPE Algo
Hulu,MODOK,Hulu,Hulu Modok S1 FY21 | Sensory Video | CPM AV
Hulu,MODOK,Hulu,Hulu Modok S1 FY21 | Sensory Video | CPM AV - CPE Algo
Hulu,Monsterland,Hulu,Hulu Monsterland | BIO
Hulu,Monsterland,Hulu,Hulu Monsterland | Sensory User Choice | AV
Hulu,Monsterland,Hulu,Hulu Monsterland | Sensory User Choice | CPM
Hulu,Solar Opposites S2,Hulu,Hulu Solar Opposites S2 | Sensory Video | CPM AV
Hulu,Solar Opposites S2,Hulu,Hulu Solar Opposites S2 | Sensory Video | CPM
Hulu,Hulu Solar Opposites,Hulu,Hulu_Solar Opposites - Sensory Video | AV
Hulu,Hulu Solar Opposites,Hulu,Hulu_Solar Opposites - Sensory Video | CPM
Hunters Cider,Hold my Hunters,Hunter's Cider_ZA,HUNTER'S CIDER_HOLD MY HUNTER'S_2020_11_ZA
Hydralyte,Hydralyte - Effervescent Tablets - Australia,Hydralyte_AU,HYDRALYTE_2020_07_AU
Hydralyte,Hydralyte - Effervescent Tablets - Australia,Hydralyte_AU,HYDRALYTE_FLOW_2021_09_AU
Hydralyte,Hydralyte - Effervescent Tablets - Australia,Hydralyte_AU,HYDRALYTE_FLOW_2021_09_AU - CPE Algo
IBM Watson,Flu Tracker,IBM Watson Flu Tracker,IBM Watson Flu Tracker | Sensory | AV
IBM Watson,Flu Tracker,IBM Watson Flu Tracker,IBM Watson Flu Tracker | Sensory | CPM
IHOP,IHOP Off-premise Evergreen OLO,IHOP,IHOP 2021 Off-Premise Evergreen | Sensory Plus | CPC - CPE Algo
IHOP,IHOP Off-premise Evergreen OLO,IHOP,IHOP 2021 Off-Premise Evergreen | Sensory Plus | CPC
IHOP,IHOP Off-premise Evergreen OLO,IHOP,IHOP 2021 Off-Premise Evergreen | Sensory Plus | CPC AV
IHOP,IHOP Off-premise Evergreen OLO,IHOP,IHOP 2021 Off-Premise Evergreen | Sensory Plus | CPC AV - CPE Algo
IHOP,IHOP Off-premise Evergreen OLO,IHOP,IHOP - OLO Evergreen 2021 - Display - CPC - Prospecting
IHOP,IHOP Off-premise Evergreen OLO,IHOP,IHOP - OLO Evergreen 2021 - Display - CPC - Retargeting
IHOP,IHOPPY Hour,IHOP,IHOP IHOPPY Hour 2021 | Breakfast Visitors | Sensory Plus | CPC
IHOP,IHOPPY Hour,IHOP,IHOP IHOPPY Hour 2021 | Breakfast Visitors | Sensory Plus | CPC AV
IHOP,IHOPPY Hour,IHOP,IHOP IHOPPY Hour 2021 | IHOP OLO Converter RTG & LAL | Sensory Plus | CPC
IHOP,IHOPPY Hour,IHOP,IHOP IHOPPY Hour 2021 | IHOP OLO Converter RTG & LAL | Sensory Plus | CPC AV
IHOP,IHOPPY Hour,IHOP,IHOP IHOPPY Hour 2021 | Lunch-Dinner Visitors | Sensory Plus | CPC
IHOP,IHOPPY Hour,IHOP,IHOP IHOPPY Hour 2021 | Lunch-Dinner Visitors | Sensory Plus | CPC AV
IHOP OLO,IHOP OLO Q3 2020,IHOP,IHOP OLO Q3 2020 | Sensory Plus | AV
IHOP OLO,IHOP OLO Q3 2020,IHOP,IHOP OLO Q3 2020 | Sensory Plus | CPC
IHOP,Windows 2 Steakhouse Bacon Campaign,IHOP,IHOP Window 2 Steakhouse Bacon Breakfast HVA | Sensory Plus | CPC
IHOP,Windows 2 Steakhouse Bacon Campaign,IHOP,IHOP Window 2 Steakhouse Bacon Bacon Lovers | Sensory Plus | CPC
IHOP,Windows 2 Steakhouse Bacon Campaign,IHOP,IHOP Window 2 Steakhouse Bacon Bacon Lovers | Sensory Plus | CPC - CPE Algo
IHOP,Windows 2 Steakhouse Bacon Campaign,IHOP,IHOP Window 2 Steakhouse Bacon Breakfast HVA | Sensory Plus | CPC - CPE Algo
IHOP,Windows 2 Steakhouse Bacon Campaign,IHOP,IHOP Window 2 Steakhouse Bacon Core IHOP Consumers - OLO Converter RTG | Sensory Plus | CPC
IHOP,Windows 2 Steakhouse Bacon Campaign,IHOP,IHOP Window 2 Steakhouse Bacon Core IHOP Consumers - OLO Converter RTG | Sensory Plus | CPC - CPE Algo
IHOP,Windows 2 Steakhouse Bacon Campaign,IHOP,IHOP Window 2 Steakhouse Bacon Weekday-Weekend Breakfast Visitors | Sensory Plus | CPC
IHOP,Windows 2 Steakhouse Bacon Campaign,IHOP,IHOP Window 2 Steakhouse Bacon Weekday-Weekend Breakfast Visitors | Sensory Plus | CPC - CPE Algo
IHOP,IHOP Windows 3,IHOP,IHOP Window 3 2021 Welcome Back | Casual Dining Breakfast HVA | Sensory Plus | CPC
IHOP,IHOP Windows 3,IHOP,IHOP Window 3 2021 Welcome Back | Casual Dining Lunch-Dinner HVA | Sensory Plus | CPC
IHOP,IHOP Windows 3,IHOP,IHOP Window 3 2021 Welcome Back | Casual Dining Lunch-Dinner HVA | Sensory Plus | CPC AV
IHOP,IHOP Windows 3,IHOP,IHOP Window 3 2021 Welcome Back | Foodies Contextual | Sensory Plus | CPC
IHOP,IHOP Windows 3,IHOP,IHOP Window 3 2021 Welcome Back | Casual Dining Breakfast HVA | Sensory Plus | CPC AV
IHOP,IHOP Windows 3,IHOP,IHOP Window 3 2021 Welcome Back | Foodies Contextual | Sensory Plus | CPC AV
Instagram,Facebook for Business,Facebook_USD,Instagram - Facebook for Business | CPE | FS & MPU | RU - ER
Instagram,Facebook for Business,Facebook_USD,Instagram - Facebook for Business | RU - ER | BIO
Instituto Fortius,Instituto Fortius - Test Campaign,Instituto Fortius TTD,Instituto Fortius - Test Campaign - Aug 2020
Ipanema,Sempre Nova 2020,Ipanema BR,Ipanema -- Sempre Nova 2020
J&J Johnson's Baby,Cotton Touch,Johnson & Johnson_SG,J&J - Johnson's Baby Cotton Touch
J&J Neutrogena,Deep Clean Foaming Cleanser,Johnson & Johnson_SG,J&J | Neutrogena DCFC | BIO | 2021-07 | SG
J&J Neutrogena,Deep Clean Foaming Cleanser,Johnson & Johnson_SG,J&J | Neutrogena DCFC | 2021-07 | SG
J&J,E-Commerce,Johnson & Johnson_SG,J&J_E COMMERCE_2021_06_SG
J&J,E-Commerce,Johnson & Johnson_SG,J&J_E COMMERCE_2021_09_SG
J&J,E-Commerce,Johnson & Johnson_SG,J&J | E-Commerce 6 Nov Burst | 2021-11 | SG
J&J - Listerine,Tonic 3,Johnson & Johnson_SG,J&J_LISTERINE TONIC III_07_2021_SG
J&J - Listerine,Tonic 3,Johnson & Johnson_SG,J&J_LISTERINE TONIC III_07_2021_SG - CPE Algo
J&J Neutrogena,Rainbath - Antibacterial,Johnson & Johnson_SG,J&J_NEUTROGENA RAINBATH ANTI-BACTERIAL_2020_12_SG
Jaguar,Nameplate Refresh,Jaguar_SG,Jaguar_Nameplate Refresh_2021 BIO
Jaguar,Nameplate Refresh,Jaguar_SG,Jaguar_Nameplate Refresh_2021_HK
Jaguar,Nameplate Refresh,Jaguar_SG,Jaguar_Nameplate Refresh_2021_SG
Japan External Trade Organization,Japan External Trade Organization Wagyu Beef HK Campaign,Japan External Trade Organization_HK,Japan External Trade Organization_Wagyu Beef_2021_01_HK
JP Morgan,JP Morgan 2021 Q1,JP Morgan_TW,JP Morgan_2021 Q1_2020_12_TW
JP Morgan Assets Management,JPM AM ATRB,JP Morgan_HK,JPM_AM ATRB_2020_08_HK
KFC,KFC CNY 2021,KFC_SG,KFC_CNY_2021_02_SG
KFC,KFC CNY 2021,KFC_SG,KFC_CNY_2021_02_SG - CPE Algo
KFC,Mac N Cheese Burrito,KFC_SG,KFC_MAC & CHEESE BURRITO_2021_03_SG
KFC,Summer Twister,KFC_ZA,KFC_SUMMER TWISTER_2020_12_ZA
Kit Kat,Golden Break,Kit Kat_UAE,KIT KAT_GOLDEN BREAK_2021_04_UAE
KOSE,KOSE ADDICTION,KOSE_HK,KOSE_ADDICTION_2020_08_HK
La Prairie,La Prairie - Platinum Rare,La Prairie_HK,La Prairie_Platinum Rare 2021 Q1_BIO
La Prairie,La Prairie Platinum Rare HK,La Prairie_HK,La Prairie_SCNTO_2021_08_CPE_HK
La Prairie,La Prairie Platinum Rare HK,La Prairie_HK,La Prairie_Platinum Rare_2020_12_HK
La Prairie,La Prairie Platinum Rare HK,La Prairie_HK,La Prairie_Platinum Rare_2021_01_HK
La Prairie,La Prairie Platinum Rare HK,La Prairie_HK,La Prairie_SCNTO_BIO
LaysSA,Relaunch Movies,Lays_ZA,LAYS_MOVIES RELAUNCH_2020_08_ZA
LaysSA,Relaunch Movies,Lays_ZA,LAYS_MOVIES RELAUNCH_2020_08_ZA - CPE Algo
LaysSA,Relaunch Movies,Lays_ZA,LAYS_RELAUNCH MOVIES_BIO
LEGO,Vehicles Technic Social,Lego,Lego Technic 2021 | CPE/CTR | FS | UK
Lexus East,L Certified 2021,Lexus East L-Certified,Lexus East | New York | Sensory Video | CPE
Lexus East,L Certified 2021,Lexus East L-Certified,Lexus East | New York | Sensory Video | CPE - CPE Algo
Lexus East,L Certified 2021,Lexus East L-Certified,Lexus East | New York | Sensory Video | CPE AV
Lexus East,L Certified 2021,Lexus East L-Certified,Lexus East | New York | Sensory Video | CPM
Lexus East,L Certified 2021,Lexus East L-Certified,Lexus East | Philadelphia | Sensory Video | CPE
Lexus East,L Certified 2021,Lexus East L-Certified,Lexus East | BIO
Lexus East,L Certified 2021,Lexus East L-Certified,Lexus East | Boston | Sensory Video | CPE
Lexus East,L Certified 2021,Lexus East L-Certified,Lexus East | Boston | Sensory Video | CPE - CPE Algo
Lexus East,L Certified 2021,Lexus East L-Certified,Lexus East | Boston | Sensory Video | CPE AV
Lexus East,L Certified 2021,Lexus East L-Certified,Lexus East | Boston | Sensory Video | CPM
Lexus East,L Certified 2021,Lexus East L-Certified,Lexus East | Boston | Sensory Video | CPM - CPE Algo
Lexus East,L Certified 2021,Lexus East L-Certified,Lexus East | Boston | Sensory Video | CPM AV
Lexus East,L Certified 2021,Lexus East L-Certified,Lexus East | Philadelphia | Sensory Video | CPE - CPE Algo
Lexus East,L Certified 2021,Lexus East L-Certified,Lexus East | Philadelphia | Sensory Video | CPE AV
Lexus East,L Certified 2021,Lexus East L-Certified,Lexus East | Philadelphia | Sensory Video | CPM
Lexus East,L Certified 2021,Lexus East L-Certified,Lexus East | Philadelphia | Sensory Video | CPM - CPE Algo
Lexus East,L Certified 2021,Lexus East L-Certified,Lexus East | Philadelphia | Sensory Video | CPM AV
Lexus East,L Certified 2021,Lexus East L-Certified,Lexus East AWD | Boston | Sensory Engagement | CPE
Lexus,AWD East,Lexus East AWD,Lexus East AWD | Boston | Sensory Engagement | CPE AV
Lexus,AWD East,Lexus East AWD,Lexus East AWD | Boston | Sensory Video | CPE
Lexus,AWD East,Lexus East AWD,Lexus East AWD | Boston | Sensory Video | CPE AV
Lexus,AWD East,Lexus East AWD,Lexus East AWD | New York | Sensory Engagement | CPE
Lexus,AWD East,Lexus East AWD,Lexus East AWD | New York | Sensory Engagement | CPE AV
Lexus,AWD East,Lexus East AWD,Lexus East AWD | New York | Sensory Video | CPE
Lexus,AWD East,Lexus East AWD,Lexus East AWD | New York | Sensory Video | CPE AV
Lexus,AWD East,Lexus East AWD,Lexus East AWD | Philadelphia | Sensory Engagement | CPE
Lexus,AWD East,Lexus East AWD,Lexus East AWD | Philadelphia | Sensory Engagement | CPE AV
Lexus,AWD East,Lexus East AWD,Lexus East AWD | Philadelphia | Sensory Video | CPE
Lexus,AWD East,Lexus East AWD,Lexus East AWD | Philadelphia | Sensory Video | CPE AV
Lexus,AWD - WEST,Lexus West AWD,Lexus West AWD 2021 Denver | Sensory Video | CPE | 300x250
Lexus,AWD - WEST,Lexus West AWD,Lexus West AWD 2021 Denver | Sensory Video | CPE | 300x250 - CPE Algo
Lexus,AWD - WEST,Lexus West AWD,Lexus West AWD 2021 Denver | Sensory Video | CPE | 320x480
Lexus,AWD - WEST,Lexus West AWD,Lexus West AWD 2021 Anchorage | Sensory Video | CPE | 300x250
Lexus,AWD - WEST,Lexus West AWD,Lexus West AWD 2021 Anchorage | Sensory Video | CPE | 300x250 - CPE Algo
Lexus,AWD - WEST,Lexus West AWD,Lexus West AWD 2021 Anchorage | Sensory Video | CPE | 320x480
Lexus,AWD - WEST,Lexus West AWD,Lexus West AWD 2021 Anchorage | Sensory Video | CPE | 320x480 - CPE Algo
Lexus,AWD - WEST,Lexus West AWD,Lexus West AWD 2021 Anchorage | Sensory Video | CPE AV | 300x250
Lexus,AWD - WEST,Lexus West AWD,Lexus West AWD 2021 Anchorage | Sensory Video | CPE AV | 320x480
Lexus,AWD - WEST,Lexus West AWD,Lexus West AWD 2021 Denver | Sensory Video | CPE | 320x480 - CPE Algo
Lexus,AWD - WEST,Lexus West AWD,Lexus West AWD 2021 Denver | Sensory Video | CPE AV | 300x250
Lexus,AWD - WEST,Lexus West AWD,Lexus West AWD 2021 Denver | Sensory Video | CPE AV | 320x480
Lexus,AWD - WEST,Lexus West AWD,Lexus West AWD 2021 Seattle | BIO
Lexus,AWD - WEST,Lexus West AWD,Lexus West AWD 2021 Seattle | Sensory Video | CPE | 320x480
Lexus,AWD - WEST,Lexus West AWD,Lexus West AWD 2021 Seattle | Sensory Video | CPE | 320x480 - CPE Algo
Lexus,AWD - WEST,Lexus West AWD,Lexus West AWD 2021 Seattle | Sensory Video | CPE AV | 320x480
Lexus,AWD - WEST,Lexus West AWD,Lexus West AWD 2021 Spokane | Sensory Video | CPE | 300x250
Lexus,AWD - WEST,Lexus West AWD,Lexus West AWD 2021 Spokane | Sensory Video | CPE | 300x250 - CPE Algo
Lexus,AWD - WEST,Lexus West AWD,Lexus West AWD 2021 Spokane | Sensory Video | CPE | 320x480
Lexus,AWD - WEST,Lexus West AWD,Lexus West AWD 2021 Spokane | Sensory Video | CPE | 320x480 - CPE Algo
Lexus,AWD - WEST,Lexus West AWD,Lexus West AWD 2021 Spokane | Sensory Video | CPE AV | 300x250
Lexus,AWD - WEST,Lexus West AWD,Lexus West AWD 2021 Spokane | Sensory Video | CPE AV | 320x480
LG,LG TONE Free FP8/FP9 HK,LG_HK,LG_TONE Free FP8/FP9_2021_12_CPE_HK
Lincoln Aviator,2020 Test,Lincoln Aviator,Lincoln Aviator | AV
Lincoln Aviator,2020 Test,Lincoln Aviator,Lincoln Aviator | Scrub C1 | CPM
Lincoln Aviator,2020 Test,Lincoln Aviator,Lincoln Aviator | Tap C2 | CPM
Lionsgate,American Underdog,Lionsgate,Lionsgate American Underdog | Sensory Video | CPE
Lionsgate,American Underdog,Lionsgate,Lionsgate American Underdog | Sensory Video | CPE AV
Lionsgate,American Underdog,Lionsgate,Lionsgate American Underdog | Prospecting BIO
Lionsgate,Hitman's Wife's Bodyguard,Lionsgate,Lionsgate Hitman's Wife's Bodyguard | Sensory Video | CPE | User Choice
Lionsgate,Hitman's Wife's Bodyguard,Lionsgate,Lionsgate Hitman's Wife's Bodyguard | Sensory Video | CPE | Tap & Hold
Lionsgate,Hitman's Wife's Bodyguard,Lionsgate,Lionsgate Hitman's Wife's Bodyguard | Sensory Video | CPE | Tap & Hold - CPE Algo
Lionsgate,Hitman's Wife's Bodyguard,Lionsgate,Lionsgate Hitman's Wife's Bodyguard | Sensory Video | CPE | User Choice - CPE Algo
Lionsgate,Hitman's Wife's Bodyguard,Lionsgate,Lionsgate Hitman's Wife's Bodyguard | Sensory Video | CPE AV | Tap & Hold
Lionsgate,Hitman's Wife's Bodyguard,Lionsgate,Lionsgate Hitman's Wife's Bodyguard | Sensory Video | CPE AV | Tap & Hold - CPE Algo
Lionsgate,Hitman's Wife's Bodyguard,Lionsgate,Lionsgate Hitman's Wife's Bodyguard | Sensory Video | CPE AV | User Choice
Lionsgate,Hitman's Wife's Bodyguard,Lionsgate,Lionsgate Hitman's Wife's Bodyguard | Sensory Video | CPE AV | User Choice - CPE Algo
Lionsgate,Hitman's Wife's Bodyguard,Lionsgate,Lionsgate Hitman's Wife's Bodyguard HE EST | Sensory Engagement | CPE | Tap & Hold - CPE Algo
Lionsgate,Hitman's Wife's Bodyguard,Lionsgate,Lionsgate Hitman's Wife's Bodyguard HE | BIO
Lionsgate,Hitman's Wife's Bodyguard,Lionsgate,Lionsgate Hitman's Wife's Bodyguard HE EST | Sensory Engagement | CPE AV | Tap & Hold - CPE Algo
Lionsgate,Hitman's Wife's Bodyguard,Lionsgate,Lionsgate Hitman's Wife's Bodyguard HE EST | Sensory Engagement | CPE | Tap & Hold
Lionsgate,Hitman's Wife's Bodyguard,Lionsgate,Lionsgate Hitman's Wife's Bodyguard HE EST | Sensory Plus | CPE | User Choice - CPE Algo
Lionsgate,Hitman's Wife's Bodyguard,Lionsgate,Lionsgate Hitman's Wife's Bodyguard HE EST | Sensory Plus | CPE AV | User Choice
Lionsgate,Hitman's Wife's Bodyguard,Lionsgate,Lionsgate Hitman's Wife's Bodyguard HE EST | Sensory Plus | CPE AV | User Choice - CPE Algo
Lionsgate,Hitman's Wife's Bodyguard,Lionsgate,Lionsgate Hitman's Wife's Bodyguard HE VOD | Sensory Engagement | CPE | Tap & Hold
Lionsgate,Hitman's Wife's Bodyguard,Lionsgate,Lionsgate Hitman's Wife's Bodyguard HE VOD | Sensory Engagement | CPE AV | Tap & Hold
Lionsgate,Hitman's Wife's Bodyguard,Lionsgate,Lionsgate Hitman's Wife's Bodyguard HE VOD | Sensory Plus | CPE | User Choice
Lionsgate,Hitman's Wife's Bodyguard,Lionsgate,Lionsgate Hitman's Wife's Bodyguard HE VOD | Sensory Plus | CPE AV | User Choice
Lionsgate,Hitman's Wife's Bodyguard,Lionsgate,Lionsgate Hitman's Wife's Bodyguard HE EST | Sensory Engagement | CPE AV | Tap & Hold
Lionsgate,Hitman's Wife's Bodyguard,Lionsgate,Lionsgate Hitman's Wife's Bodyguard HE EST | Sensory Plus | CPE | User Choice
Lionsgate,Moonfall,Lionsgate,Lionsgate Moonfall | Sensory Video | CPE | Parallax - CPE Algo
Lionsgate,Moonfall,Lionsgate,Lionsgate Moonfall | Prospecting BIO
Lionsgate,Moonfall,Lionsgate,Lionsgate Moonfall | Sensory Video | CPE | Parallax
Lionsgate,Moonfall,Lionsgate,Lionsgate Moonfall | Sensory Video | CPE | Parallax HA
Lionsgate,Moonfall,Lionsgate,Lionsgate Moonfall | Sensory Video | CPE | Parallax HA - CPE Algo
Lionsgate,Moonfall,Lionsgate,Lionsgate Moonfall | Sensory Video | CPE | Tap and Hold
Lionsgate,Moonfall,Lionsgate,Lionsgate Moonfall | Sensory Video | CPE | Tap and Hold HA
Lionsgate,Moonfall,Lionsgate,Lionsgate Moonfall | Sensory Video | CPE | Tap and Hold HA - CPE Algo
Lionsgate,Moonfall,Lionsgate,Lionsgate Moonfall | Sensory Video | CPE | Tap and Hold - CPE Algo
Lionsgate,Moonfall,Lionsgate,Lionsgate Moonfall | Sensory Video | CPE AV | Parallax
Lionsgate,Moonfall,Lionsgate,Lionsgate Moonfall | Sensory Video | CPE AV | Tap and Hold
Lionsgate,Moonfall,Lionsgate,Lionsgate Moonfall | Sensory Video | CPE AV | Tap and Hold - CPE Algo
Lionsgate,SPIRAL,Lionsgate,Lionsgate Spiral Movie | BIO
Lionsgate,SPIRAL,Lionsgate,Lionsgate Spiral Movie | Sensory Engagement | CPE
Lionsgate,SPIRAL,Lionsgate,Lionsgate Spiral Movie | Sensory Engagement | CPE - CPE Algo
Lionsgate,SPIRAL,Lionsgate,Lionsgate Spiral Movie | Sensory Engagement | CPE AV
Lionsgate,SPIRAL,Lionsgate,Lionsgate Spiral Movie | Sensory Engagement | CPE AV - CPE Algo
Lionsgate,Protege HE,Lionsgate,Lionsgate The Protege | BIO
Lionsgate,Protege HE,Lionsgate,Lionsgate The Protege HE EST | Sensory Video | CPE | Swipe Up
Lionsgate,Protege HE,Lionsgate,Lionsgate The Protege HE EST | Sensory Video | CPE AV | Swipe Up
Lionsgate,Protege HE,Lionsgate,Lionsgate The Protege HE VOD | Sensory Video | CPE | Swipe Up
Lionsgate,Protege HE,Lionsgate,PAUSED | Lionsgate The Protege Concept 1 | Sensory Video | CPE | Tap & Hold
Lionsgate,Protege HE,Lionsgate,PAUSED | Lionsgate The Protege Concept 1 | Sensory Video | CPE AV | Tap & Hold
Lionsgate,Protege HE,Lionsgate,PAUSED | Lionsgate The Protege Concept 2 | Sensory Video | CPE AV | Swipe Up
Lionsgate,Protege HE,Lionsgate,PAUSED | Lionsgate The Protege Concept 2 | Sensory Video | CPE | Swipe Up
Lionsgate,Protege HE,Lionsgate,Version 2 | Lionsgate The Protege Concept 2 | Sensory Video | CPE AV | Swipe Up
Lionsgate,Protege HE,Lionsgate,Version 2 | Lionsgate The Protege Concept 1 | Sensory Video | CPE | Tap & Hold
Lionsgate,Protege HE,Lionsgate,Version 2 | Lionsgate The Protege Concept 1 | Sensory Video | CPE AV | Tap & Hold
Lionsgate,Protege HE,Lionsgate,Version 2 | Lionsgate The Protege Concept 2 | Sensory Video | CPE | Swipe Up
Livspace,Before & After,Livspace_ZA,Livspace_Before & After_2021_12_CPE_ZA
LMC&Co.,LMC&Co - VanGogh Starry Night Relief Puzzle,LMC&Co_TW,LMC&Co_VanGogh Starry Night Relief Puzzle_2020_12_TW
Lululemon,Lululemon Branding Sep,Lululemon_HK,Lululemon_Branding_BIO
Lululemon,Lululemon Branding Sep,Lululemon_HK,Lululemon_Branding_2021_09_CPE_HK
Manulife,Manulife Income Campaign 2021,Manulife_SG,Manulife_Income Campaign_2021_05_CPC_SG
Marmum,Juice,MARMUM_UAE,MARMUM_JUICE_2020_09_UAE
Mastercard,Mastercard - Australia,MasterCard_AU,MasterCard_Spend & Save_2021_05_CPE_AU - CPE Algo
Mastercard,Mastercard - Australia,MasterCard_AU,MasterCard_Protect&Security_2022_01_CPE_AU
Mastercard,Mastercard - Australia,MasterCard_AU,MasterCard_Spend & Save_2021_05_CPE_AU
Mastercard,Mastercard - Australia,MasterCard_AU,MasterCard_Spend & Save_2021_10_CPE_AU - CPE Algo
Mastercard,Mastercard - Australia,MasterCard_AU,MasterCard_Spend & Save_2022_01_CPE_AU - CPE
Mastercard,Mastercard - Australia,MasterCard_AU,MasterCard_Taobao Co-branded Card_2020_10_HK
Mentholatum,Acnes - Hero Pimple Patch,Mentholatum - Acnes Hero Pimple Patch,MENTHOLATUM_ACNES HERO PIMPLE PATCH_2020_03_SG
Mentholatum,Acnes - Hero Pimple Patch,Mentholatum - Acnes Hero Pimple Patch,MENTHOLATUM_ACNES HERO PIMPLE PATCH_2020_03_SG - CPE Algo
Mentholatum,Rohto Eyecare,Mentholatum - Rohto Eyedrops 2020,MENTHOLATUM_ROHTO EYEDROPS_2020_04_APAC
Mentholatum,Rohto Eyecare,Mentholatum - Rohto Eyedrops 2020,MENTHOLATUM_ROHTO EYEDROPS_2020_04_APAC - CPE Algo
Microsoft,Teams 2020,Microsoft Teams,Microsoft Teams | AV
Microsoft,Teams 2020,Microsoft Teams,Microsoft Teams | AV - CPE Algo
Microsoft,Teams 2020,Microsoft Teams,Microsoft Teams | CPE
Microsoft,Teams 2020,Microsoft Teams,Microsoft Teams | CPE - CPE Algo
Mintop Hair,Alopecia,Mintop Hair_IN,Mintop Hair_Alopecia_2022_Jan
Mirae Asset Management,MAGI Thematic Growth,Mirae Asset_HK,Mirae Asset_MAGI_2021_06_CPE_HK
Hennessy,Hennessy,MOET HENNESSY_HENNESSY VSOP_2021_05_MY,MOET HENNESSY_HENNESSY VSOP_2021_05_MY
Hennessy,Hennessy,MOET HENNESSY_HENNESSY VSOP_2021_05_MY,MOET HENNESSY_HENNESSY VSOP_2021_05_MY - CPE Algo
Morinaga Ltd.,Morinaga Hi Chew Man LINE Sticker promotion,Morinaga_TW,Morinaga_TW_Summer Sale
Morinaga Ltd.,Morinaga Hi Chew Man LINE Sticker promotion,Morinaga_TW,Morinaga_TW_Line Stickers_2021_Nov
Morinaga Ltd.,Morinaga Hi Chew Man LINE Sticker promotion,Morinaga_TW,Morinaga_TW_Line Stickers_2021_Nov - CPE Algo
Morinaga Ltd.,Morinaga Hi Chew Man LINE Sticker promotion,Morinaga_TW,Morinaga_TW_Line_Stickers_BIO_2021_Nov
Multiplan,Golden Lake | Lake Victoria,MULTIPLAN - BR,MULTIPLAN/ PARK SHOPPING_XMAS 21 PROMO_2021_Nov_BR
National Arts Council,Singapore Writers Festival,National Arts Council_SG,NAC_SINGAPORE WRITERS FESTIVAL_2020_10_SG
NelÃ³gica,PROFIT,Nelogica_BR,Nelogica_Profit
Nestle - Maggi,Varieties Bouillon,Nestle_UAE,NESTLE_MAGGI_08_2021_UAE
Nestle - Maggi,Varieties Bouillon,Nestle_UAE,NESTLE_NIDO_2020_12_GCC
Nestle - Maggi,Varieties Bouillon,Nestle_UAE,NESTLE_NIDO_2020_12_KSA
Nestle - Maggi,Varieties Bouillon,Nestle_UAE,NESTLE_NIDO_2020_12_UAE
Netflix,Netflix - Queen Sono,Netflix_ZA,Netflix - Queen Sono
Netflix,Netflix - Blood & Water,Netflix_ZA,NETFLIX_BLOOD & WATER_2020_05_ZA
Netflix,Seriously Single Launch,Netflix_ZA,NETFLIX_SERIOUSLY SINGLE_2020_07_ZA
Nike,Nike HKM2021,Nike_HK,Nike_HKM2021_2021_10_CPE_HK
Nike,HO21,Nike_HK,Nike_HO21_2021_11_CPE_HK
Nin Jiom,Nin Jiom Coolmate Video Campaign 2021 - HK,Nin Jiom_HK,Nin Jiom_Coolmate Video Campaign_2021_11_CPE_HK
Not.CO,IceCream - Summer 22,Not.CO - BR,Not.CO_IceCream_Summer 22_2021_Dec
NUTRELLA,Nutrella Barrilito,Nutrella - BR,Nutrella_ BARRILITO_2021_Nov
OFFBLAK,OFFBLAK TOD,Offblak UK,Offblak_Tea_Subscription_2020 - CPE Algo
OFFBLAK,OFFBLAK TOD,Offblak UK,Offblak_Tea_Subscription_2020
Olay,Regenerist Ultra RICH,Olay,Olay_Regenerist_UltraRICH_November
Olay,Regenerist Ultra RICH,Olay,Olay_Regenerist_UltraRICH_November - CPE Algo
OREO,OREO Back to School 2020 HK,OREO_HK,OREO_Back to School_2020_08_HK
Philips,Philips Airfryer,Philips_SG,PHILIPS_AIR FRYER_2021_06_SG
PIMCO,PIMCO Bond Matters,PIMCO_HK,PIMCO_Bond Matters_2020_11_HK
PIMCO-TW,PIMCO EOY-2,PIMCO_TW,PIMCO_EoY Campaign 2_2020_12_TW
PIMCO,PIMCO-TW-EoY,PIMCO_TW,PIMCO_EoY Campaign_2020_11_TW
Pizza Hut,Pizza Hut Loooong Pizza HK 2021,Pizza Hut_HK,Pizza Hut_Loooog Pizza_2021_11_CPC_HK
Pizza Hut,Pizza Hut Cheesy 8 Pizza Campaign 2022,Pizza Hut_HK,Pizza Hut_Cheesy 8 Pizza_2022_01_CPC_HK
Playstation,Playstation Masterbrand,Playstation,Playstation | Sensory Video | CPE - CPE Algo
Playstation,Playstation Masterbrand,Playstation,Playstation | Sensory Plus | CPC
Playstation,Playstation Masterbrand,Playstation,Playstation | Sensory Plus | CPC AV
Playstation,Playstation Masterbrand,Playstation,Playstation | Sensory Video | CPE
Playstation,Playstation Masterbrand,Playstation,Playstation | Sensory Video | CPE AV
Port Authority,GWBBS,Port Authority of New York and New Jersey,Port Authority GWBBS | Sensory | CPE
PORTAKABIN,FR - BRAND & AWARENESS,Portakabin FR,Portakabin FR - 2020 - CPE
PORTAKABIN,FR - BRAND & AWARENESS,Portakabin FR,Portakabin FR - Brand Awareness 2020
PORTAKABIN,FR - BRAND & AWARENESS,Portakabin FR,Portakabin FR - Brand Awareness 2020 - CPE Algo
PORTAKABIN,FR - BRAND & AWARENESS,Portakabin FR,Portakabin FR Sept 2021 | CPE/CTR | FS | FR
PORTAKABIN,Changing Perception 2020 Campaign,Portakabin UK,Portakabin UK & IE - 2020
PORTAKABIN,Changing Perception 2020 Campaign,Portakabin UK,Portakabin UK & IE - 2020 - CPE Algo
Portakabin,UK 2021,Portakabin UK,Portakabin UK-IE Sept 2021 | CPE/CTR | FS | UK
Portakabin,UK 2021,Portakabin UK,Portakabin_FR_2021_BIO
Portakabin,UK 2021,Portakabin UK,Portakabin_FR_BIO
Portakabin,UK 2021,Portakabin UK,Portakabin_IE_2021_BIO
Portakabin,UK 2021,Portakabin UK,Portakabin_UK_2021_BIO
Portakabin,UK 2021,Portakabin UK,Portakabin_UK_IE__BIO
Providence Health,Providence Health WA + MT,Providence St. Joseph Health,Providence Health 2021 WAMT Brand Launch - SW WA | Sensory Video | CPE
Providence Health,Providence Health WA + MT,Providence St. Joseph Health,Providence Health 2021 WAMT Brand Launch - MT | Sensory Video | CPE
Providence Health,Providence Health WA + MT,Providence St. Joseph Health,Providence Health 2021 WAMT Brand Launch - NW WA | Sensory Video | CPE
Providence Health,Providence Health WA + MT,Providence St. Joseph Health,Providence Health 2021 WAMT Brand Launch - SE WA | Sensory Video | CPE
Providence Health,Providence Health WA + MT,Providence St. Joseph Health,Providence Health 2021 WAMT Brand Launch - Spokane | Sensory Video | CPE
Providence Health,Providence Health WA + MT,Providence St. Joseph Health,Providence Health FY21 NorCal | Sensory Engagement | CPE
Providence Health,Providence Health WA + MT,Providence St. Joseph Health,Providence Health FY21 NorCal | Sensory Engagement | CPE - CPE Algo
Providence Health,Providence Health WA + MT,Providence St. Joseph Health,Providence Health FY21 SoCal | Sensory Engagement | CPE
Providence Health,Providence Health WA + MT,Providence St. Joseph Health,Providence Health FY21 SoCal | Sensory Engagement | CPE - CPE Algo
Providence Health,Providence Health WA + MT,Providence St. Joseph Health,Providence Health FY21 SoCal | Sensory Engagement | CPE AV
Providence Health,Providence Health WA + MT,Providence St. Joseph Health,Providence Health FY21 SoCal | Sensory Engagement | CPE AV - CPE Algo
Providence Health,Providence Health WA + MT,Providence St. Joseph Health,Providence Health FY21 SoCal | Sensory Video | CPE
Providence Health,Providence Health WA + MT,Providence St. Joseph Health,Providence Health FY21 SoCal | Sensory Video | CPE - CPE Algo
Providence Health,Providence Health WA + MT,Providence St. Joseph Health,Providence Health Pro Bono | Sensory Engagement | CPE
Providence Health,Better Together PSA (Pro Bono),Providence St. Joseph Health,Providence Health FY21 | BIO
Puma,Suede Collection & Collaboration with Michael Lau,Puma_HK,Puma_Suede Collection_2020_11_HK
Puma,Suede Collection & Collaboration with Michael Lau,Puma_HK,Puma_Michael Lau_2020_12_HK
Ralph Lauren,Pink Pony Pro Bono,Ralph Lauren,Ralph Lauren Eyewear | Sensory Video | CPM
Ralph Lauren,Pink Pony Pro Bono,Ralph Lauren,Ralph Lauren Eyewear | Sensory Video | CPM AV
Ralph Lauren,Pink Pony Pro Bono,Ralph Lauren,Ralph Lauren Eyewear | Sensory Video | CPM - CPE Algo
Royal Navy,Ratings,GOV,Royal Caribbean_HK 2021_2021_11_CPC_HK
Royal Navy,Ratings,GOV,Royal Navy 2021 - Ratings
Salesforce,Customer 360 CRM,Salesforce,Salesforce Customer 360 CRM 2021| CPE | FS & MPU | UK
Salesforce,Customer 360 CRM,Salesforce,Salesforce Customer 360 CRM 2021| CPE | FS & MPU | UK - CPE Algo
Samsung,Samsung R9 Launch,Samsung_SG,Samsung R9 Launch_2022_Jan
Samsung,Samsung 2021 Q1 Earbuds Launch HK,Samsung_HK,Samsung_CE AirDresser_2020_12_HK
Samsung,Samsung 2021 Q1 Earbuds Launch HK,Samsung_HK,Samsung_Earbuds Launch_2021_01_HK
Samsung,Samsung 2021 Q1 Earbuds Launch HK,Samsung_HK,Samsung_Z Fold3 & Z Flip3_2021_10_HK
Samsung,Samsung 2021 Q1 Earbuds Launch HK,Samsung_HK,Samsung_Z Fold3 & Z Flip3_BIO
SantÃ© Publique France,IdÃ©es ReÃ§ues,Sante Publique FR,Sante Publique FR
SantÃ© Publique France,IdÃ©es ReÃ§ues,Sante Publique FR,Sante Publique FR - CLICKS
SantÃ© Publique France,IdÃ©es ReÃ§ues,Sante Publique FR,Sante Publique FR - CPE Algo
Sasko Bread,Word Finder,Sasko Bread_ZA,Sasko Bread_Jan_2022_01_CPE_ZA
Schroders,Schroders AAI 2020,Schroders_HK,SCHRODERS_AAI_2020_07_HK
Schroders,Schroders GMAT,Schroders_HK,Schroders_GMAT_2021_06_CPL_HK
Schroders,Schroders GMAT,Schroders_HK,SEAT Leon - CPE Algo
SEAT,SEAT LEON,SEAT,SEAT Leon
SEAT,SEAT LEON,SEAT,Seat Leon - Survey
SECOM RS,AVANÃ‡A RS BENEFICIOS SOCIAIS,SECOM RS_BRAZIL,SECOM | AVANÃ‡A RS BENEFICIOS SOCIAIS | 2022-02 | BR
SECOM RS,AVANÃ‡A RS BENEFICIOS SOCIAIS,SECOM RS_BRAZIL,SECOM - AVANÃ‡A RS Social Benefits
SECOM RS,AVANÃ‡A RS BENEFICIOS SOCIAIS,SECOM RS_BRAZIL,SECOM | SECRETARIA DA SAUDE - VacinaÃ§Ã£o Infantil Covid | 2022-02 | BR
SECOM RS,PalÃ¡cio Piratini 100 anos,SECOM RS_BRAZIL,SECOM RS - PalÃ¡cio Piratini 100 anos -2021 -BR
SECOM RS,O JOGO VIROU,SECOM RS_BRAZIL,SECOM RS | O JOGO VIROU | 2022-02 | BR
SECOM RS,AvanÃ§a RS,SECOM RS_BRAZIL,SECOM RS_AvanÃ§ar RS_Phase II_2022_Jan
SECOM RS,AvanÃ§a RS,SECOM RS_BRAZIL,SECOM RS_AvanÃ§ar RS_2022_Jan
Sentosa,Brewerkz - Next Island Experience,Sentosa_SG,SENTOSA_BREWERKZ_2020_12_SG
Sentosa,Brewerkz - Next Island Experience,Sentosa_SG,SENTOSA_BREWERKZ PHASE 2_2021_02_CPE_SG
Showtime,Billions,Showtime,Showtime Billions | Sensory Video | CPE
Showtime,Billions,Showtime,Showtime Billions | Sensory Video | CPE AV
Showtime,Dexter,Showtime,Showtime Dexter | BIO
Showtime,Dexter,Showtime,Showtime Dexter | Sensory Video | CPE | Targeting Blu
Showtime,Dexter,Showtime,Showtime Dexter | Sensory Plus | CPC
Showtime,Dexter,Showtime,"Showtime Dexter | Sensory Video | CPE | Sho Loyalist, Comp, Interest"
Showtime,Dexter,Showtime,Showtime Dexter | Sensory Video | CPE AV
Simple Feast 2,Simple Feast 2,Simple Feast SE,Simple Feast _DK_Winter 2021_CPE
Simple Feast 2,Simple Feast 2,Simple Feast SE,Simple Feast _SE_Winter 2021_CPE
Simple Feast 2,Simple Feast 2,Simple Feast SE,BIO_Simple Feast _DK_Winter 2021
Simple Feast 2,Simple Feast 2,Simple Feast SE,Simple Feast - DK - BIO
Simple Feast 2,Simple Feast 2,Simple Feast SE,Simple Feast _DK_Winter 2021_CPE - CPE Algo
Simple Feast 2,Simple Feast 2,Simple Feast SE,Simple Feast SE
Simple Feast 2,Simple Feast 2,Simple Feast SE,BIO_Simple Feast _SE_Winter 2021
Simple Feast 2,Simple Feast 2,Simple Feast SE,Simple Feast _SE_Winter 2021_CPE - CPE Algo
Simple Feast 2,Simple Feast 2,Simple Feast SE,Simple Feast - SE - BIO
Simple Feast 2,Simple Feast 2,Simple Feast SE,Simple Feast DK - CPE
Simple Feast 2,Simple Feast 2,Simple Feast SE,Simple Feast DK - CPE Algo
Simple Feast 2,Simple Feast 2,Simple Feast US,Simple Feast US | January 2021 | CPE
Simple Feast 2,Simple Feast 2,,Simple Feast SE - CPE Algo
Simple Feast US,US Launch Campaign,,Simple Feast US | January 2021 | CPE - CPE Algo
Simple Feast US,US Launch Campaign,,Simple Feast US Survey Q2 FY21 | CPE AV
Skoda,Kamiq Scala launch,Skoda_SG,SKODA_KAMIQ SCALA LAUNCH_2021_03_SG
Sony Pictures,Sony Pictures - Escape Room 2,SONY PICTURES_SG,SONY PICTURES_ESCAPE ROOM_2021_09_SG
Standard Chartered,Standard Chartered Year End,Standard Chartered_SG,STANDARD CHARTERED_YEAR END CAMPAIGN_2020_11_SG
Standard Chartered,Standard Chartered Year End,Standard Chartered_SG,STANDARD CHARTERED_YEAR END CAMPAIGN_2020_11_SG - CPE Algo
Star India,Star India - Star Bharat,Star India_IN,Star Bharat_2021_Oct
Subway,Subway Better For You,SUBWAY_SG,SUBWAY_BETTER FOR YOU_04_2021_SG
Subway,Subway Spicy Buffalo Chicken,SUBWAY_SG,SUBWAY_SPICY BUFFALO_2021_06_SG - CPE Algo
Subway,Subway Spicy Buffalo Chicken,SUBWAY_SG,SUBWAY_CHEESECHELLA_2021_02_SG
Subway,Subway Spicy Buffalo Chicken,SUBWAY_SG,SUBWAY_SPICY BUFFALO_2021_06_SG
T. Rowe Price,T. Rowe Price Q1,T. Rowe Price_HK,T. Rowe Price_2021 Q1 Campaign_2021_02_CPC_HK
T. Rowe Price,T. Rowe Price Q1,T. Rowe Price_HK,T. Rowe Price_2021 Q1 Campaign_2021_02_CPC_HK - CPE Algo
Tiger Crystal Beer,Inner Fire,TIGER BEER_SG,TIGER_CRYSTAL INNER FIRE_10_2021_SG
Tiger Crystal Beer,Inner Fire,TIGER BEER_SG,TIGER_CRYSTAL INNER FIRE_10_2021_SG - CPE Algo
Hodder,The Book of Two Ways - Jodie Picoult,Jodie Picoult,Two Ways
UGG,Holidays,UGG,UGG - DE Sept 2021 | CPE/CTR | FS | DE
UGG,Holidays,UGG,UGG - Holiday Nov 2021 | CPE & CTR | FS | DE
UGG,Holidays,UGG,UGG - Holiday Nov 2021 | CPE & CTR | FS | FR
UGG,Holidays,UGG,UGG - Holiday Nov 2021 | CPE & CTR | FS | UK
UGG,Holidays,UGG,UGG_Fall 2020_DE_CPE
UGG,Holidays,UGG,UGG_Fall 2020_DE_CPE - CPE Algo
UGG,Holidays,UGG,UGG_Fall 2020_UK_CPE
UGG,Plant Power,UGG,UGG Power Plant 2021 | Sensory Engagement | CPE/CTR | 320x480 | DE
UGG,Plant Power,UGG,UGG Power Plant 2021 | Sensory Engagement | CPE/CTR | 320x480 | DE - CPE Algo
UGG,Plant Power,UGG,UGG Power Plant 2021 | Sensory Engagement | CPE/CTR | 320x480 | UK
UGG,Plant Power,UGG,UGG - UK Sept 2021 | CPE/CTR | FS | UK
UGG,Plant Power,UGG,UGG Power Plant 2021 | Sensory Engagement | CPE/CTR | 320x480 | UK - CPE Algo
Unisinos,Graduation Summer 22,UGG,UNISINOS_Graduation_Summer 22_2021_Dec
Unisinos,Graduation Summer 22,UNISINOS - BR,UNISINOS_Graduation_Summer 22_Rebooking_2022_Feb
Universal Pictures,Clifford the Big Red Dog,Universal Pictures - SG,Universal Pictures_Clifford the Big Red Dog_2021_Nov
UOB,UOB Pay Now,UOB_SG,UOB_PAYNOW_07_2021_SG
UOB,UOB Pay Now,UOB_SG,UOB_PAYNOW_07_2021_SG - CPE Algo
Vana Living,Vana Living - Mackmyra AI Whisky,Vana Living_TW,Vana Living_Mackmyra AI Whisky_2020_09_TW
Vana Living,Vana Living - Mackmyra AI Whisky,Vana Living_TW,Vana Living_Mackmyra AI Whisky_BIO
Vana Living,Vana Living - Mackmyra AI Whisky,Vana Living_TW,Vana Living_Vana Candles_2020_12_TW
Vana Living,Vana Living - Vana candles,Vana Living_TW,Vana Living_Vana Candles_BIO
VCA,VCA Frivole AU - wave 1,VCA_AU,VCA_FRIVOLE WAVE 1_2021_05_AU
Van Cleef and Arpels,Frivole Wave 2,VCA_AU,VCA_FRIVOLE WAVE 2_2021_01_AU
Van Cleef and Arpels,Frivole Wave 2,VCA_AU,VCA_FRIVOLE WAVE 2_2021_01_AU - CPE Algo
Van Cleef and Arpels,Frivole Wave 2,VCA_SG,VCA_FRIVOLE WAVE 2_2021_SG
Van Cleef and Arpels,Frivole Wave 2,VCA_SG,VCA_FRIVOLE WAVE 2_2021_SG - CPE Algo
VCA Frivole AU,VCA Frivole AU,VCA_AU,VCA_FRIVOLE_2020_10_AU
VCA Frivole AU,VCA Frivole AU,VCA_AU,VCA_FRIVOLE_2020_10_AU - CPE Algo
VCA Frivole AU,VCA Frivole AU,VCA_AU,VCA_FRIVOLE_2020_10_AU - CPE Algo_old_paused
VCA,VCA PDA Event,VCA_SG,VCA_PDA Event_2022_01_CPL_SG
Van Cleef and Arpels,VCA Lucky Spring Collection,VCA_SG,VCA_LUCKY SPRING_2021_03_SG
Vodacom,CIOT Curve,Vodacom_ZA,Vodacom | CIOT | 2021-04 | ZA
Vodacom South Africa,Vodacom Bundles,Vodacom_ZA,Vodacom | Unlock Summer | 2021-12 | ZA
Vodacom South Africa,Vodacom Bundles,Vodacom_ZA,Vodacom | Why Buy Online | CPE | 2021-11 | ZA
Vodacom South Africa,Vodacom Bundles,Vodacom_ZA,Vodacom | Why Buy Online | CPL | 2021-10 | ZA
Vodacom South Africa,Vodacom Bundles,Vodacom_ZA,VODACOM_BRAND LOYALTY_2020_10_ZA
Vodacom South Africa,Vodacom Bundles,Vodacom_ZA,VODACOM_BRAND LOYALTY_BIO
Vodacom South Africa,Vodacom Bundles,Vodacom_ZA,VODACOM_SUMMER_2020_12_ZA
Vodacom,Vodapay app launch,Vodacom_ZA,Vodacom | Vodapay App Laumch | CPC | 2021-11 | ZA
Vodacom,Vodacom - Stay Connected,Vodacom_ZA,VODACOM_STAY CONNECTED_2020_05_ZA
Vodacom,Vodacom - Stay Connected,Vodacom_ZA,VODACOM_STAY CONNECTED_2020_05_ZA - CPE Algo
Vodacom,Vodacom - Stay Connected,Vodacom_ZA,VODACOM_TOGETHER 2.0_2021_02_ZA
Volkswagen,VW LCV,Volkswagen,Volkswagen LCV
Volkswagen,VW LCV,Volkswagen,Volkswagen_Arteon TW Launch_2021_01_TW
Volkswagen,Touareg & Tiguan - UAE,Volkswagen_UAE,VOLKSWAGEN_TIGUAN & TOUAREG_2020_08_UAE
Volkswagen,Touareg & Tiguan - UAE,Volkswagen_UAE,VOLKSWAGEN_TIGUAN & TOUAREG_2020_08_UAE - CPE Algo
Volvo XC40,Volvo XC40 Pure Electric OCTOBER,Volvo_BR,VOLVO_XC40_2021_10_BR
Volvo XC40,Volvo XC40 Pure Electric OCTOBER,Volvo_BR,VOLVO_XC40_2021_10_BR - CPE Algo
Volks Wagen,VW - Arteon TW Launch,Volkswagen_TW,VW_POLO_2021_Dec_TW
Volks Wagen,Golf 8 TW Launch,Volkswagen_TW,VW_TW_GOLF
Western Union,Western Union Haitian APN,Volkswagen_TW,Western Union Haitian APN | Sensory Engagement Swipe Right | CPM - CPE Algo
Western Union,Western Union Haitian APN,Western Union - US,Western Union Haitian APN | Sensory Engagement Swipe Right | CPM AV
Western Union,Western Union Haitian APN,Western Union - US,Western Union Haitian APN | Sensory Engagement Swipe Up | CPE - CPE Algo
Western Union,Western Union Haitian APN,Western Union - US,Western Union Haitian APN | Prospecting BIO
Western Union,Western Union Haitian APN,Western Union - US,Western Union Haitian APN | Sensory Engagement Swipe Right | CPM
Western Union,Western Union Haitian APN,Western Union - US,Western Union Haitian APN | Sensory Engagement Swipe Up | CPE
Western Union,Western Union Haitian APN,Western Union - US,Western Union Haitian APN | Sensory Engagement Swipe Up | CPE AV
Westfield,Polygone Riviera,Western Union - US,Westfield - Mall Centers - Sep 2020 - CPE Algo
Westfield,Polygone Riviera,Westfield - France,Westfield - Mall Centers - Sep 2020
Wimbledon,Championships 2021,Wimbledon - AELTC Championships,Wimbledon_AELTC Championships 2021 | CPC | FS & MPU | US
Wimbledon,Championships 2021,Wimbledon - AELTC Championships,Wimbledon | AELTC 2021 Virtual Hill | CPC | UK
Wimbledon,Championships 2021,Wimbledon - AELTC Championships,Wimbledon | AELTC 2021 Virtual Hill | CPC | US
Wimbledon,Championships 2021,Wimbledon - AELTC Championships,Wimbledon | AELTC Championships 2021 | CPC | UK
Winamax,Winamax Euro 2021,Winamax,Winamax Euro 2021 | Sensory Engagement | CTR & VTR | FS & MPU | FR
Winamax,Winamax Euro 2021,Winamax,Winamax Euro 2021 | Sensory Engagement | CTR & VTR | FS & MPU | FR - CPE Algo
Winamax France - Vandals,Winamax Vandals,Winamax FR,Winamax FR
Winamax France - Vandals,Winamax Vandals,Winamax,Winamax FR BIO
Yamaha,Wolverine RMAX 1000,Yamaha Motor Company,Yamaha | Wolverine RMAX 1000 | Sensory Plus | CPC
Yamaha,Wolverine RMAX 1000,Yamaha Motor Company,Yamaha | Wolverine RMAX 1000 | Sensory Plus | AV
Yamaha,Wolverine RMAX 1000,Yamaha Motor Company,Yamaha | Wolverine RMAX 1000 | Sensory User Choice | AV
Yamaha,Wolverine RMAX 1000,Yamaha Motor Company,Yamaha | Wolverine RMAX 1000 | Sensory User Choice | AV - CPE Algo
Yamaha,Wolverine RMAX 1000,Yamaha Motor Company,Yamaha | Wolverine RMAX 1000 | Sensory User Choice | CPE
Yamaha,Wolverine RMAX 1000,Yamaha Motor Company,Yamaha | Wolverine RMAX 1000 | Sensory User Choice | CPE - CPE Algo
Yamaha,Wolverine RMAX 1000,Yamaha Motor Company,Yamaha | Wolverine RMAX 1000 | Sensory User Choice | CPE - Look-a-Like
Yamaha,Yamaha RMAX/X2/X4,Yamaha Motor Company,Yamaha Q2 FY21 Campaign RMAX | Sensory Plus | CPC
Yamaha,Yamaha RMAX/X2/X4,Yamaha Motor Company,Yamaha Q2 FY21 Campaign RMAX | Sensory Plus | CPC - CPE Algo
Yamaha,Yamaha RMAX/X2/X4,Yamaha Motor Company,Yamaha Q2 FY21 Campaign RMAX | Sensory Plus | CPC AV
Yamaha,Yamaha RMAX/X2/X4,Yamaha Motor Company,Yamaha Q2 FY21 Campaign RMAX | Sensory Plus | CPC AV - CPE Algo
Yamaha,Yamaha RMAX/X2/X4,Yamaha Motor Company,Yamaha Q2 FY21 Campaign RMAX | User Choice | CPE
Yamaha,Yamaha RMAX/X2/X4,Yamaha Motor Company,Yamaha Q2 FY21 Campaign RMAX | User Choice | CPE - CPE Algo
Yamaha,Yamaha RMAX/X2/X4,Yamaha Motor Company,Yamaha Q2 FY21 Campaign RMAX | User Choice | CPE AV
Yamaha,Yamaha RMAX/X2/X4,Yamaha Motor Company,Yamaha Q2 FY21 Campaign RMAX | User Choice | CPE AV - CPE Algo
Yamaha,Yamaha RMAX/X2/X4,Yamaha Motor Company,Yamaha Q2 FY21 Campaign RMAX_NEW | Sensory Plus | CPC
Yamaha,Yamaha RMAX/X2/X4,Yamaha Motor Company,Yamaha Q2 FY21 Campaign X2-X4 | Sensory Plus | CPC
Yamaha,Yamaha RMAX/X2/X4,Yamaha Motor Company,Yamaha Q2 FY21 Campaign X2-X4 | Sensory Plus | CPC AV
Yamaha,Yamaha RMAX/X2/X4,Yamaha Motor Company,Yamaha Q2 FY21 Campaign X2-X4 | User Choice | CPE
Yamaha,Yamaha RMAX/X2/X4,Yamaha Motor Company,Yamaha Q2 FY21 Campaign X2-X4 | User Choice | CPE AV
Yamaha,Yamaha RMAX/X2/X4,Yamaha Motor Company,Yamaha Q2 FY21 Campaign X2-X4_NEW | Sensory Plus | CPC
Yamaha,Yamaha RMAX/X2/X4,Yamaha Motor Company,Yamaha R7 Q3 FY21 Campaign | Sensory Engagement | CPE
Yamaha,Yamaha RMAX/X2/X4,Yamaha Motor Company,Yamaha R7 Q3 FY21 Campaign | Sensory Engagement | CPE AV
Yamaha,Yamaha RMAX/X2/X4,Yamaha Motor Company,Yamaha R7 Q3 FY21 Campaign | Sensory Engagement | CPE AV - CPE Algo
Yamaha,Yamaha RMAX/X2/X4,Yamaha Motor Company,Yamaha R7 Q3 FY21 Campaign | Sensory Plus | CPC
Yamaha,Yamaha RMAX/X2/X4,Yamaha Motor Company,Yamaha R7 Q3 FY21 Campaign | Sensory Plus | CPC - CPE Algo
Yamaha,Yamaha RMAX/X2/X4,Yamaha Motor Company,Yamaha R7 Q3 FY21 Campaign | Sensory Plus | CPC AV
Yamaha,Yamaha RMAX/X2/X4,Yamaha Motor Company,Yamaha R7 Q3 FY21 Campaign | Sensory Engagement | CPE - CPE Algo
Yamaha,Yamaha RMAX/X2/X4,Yamaha Motor Company,Yamaha R7 Q3 FY21 Campaign_NEW | Sensory Plus | CPC
Yamaha,Q4 RMAX2 Campaign,Yamaha Motor Company,Yamaha R7 Q3 FY21 Campaign | Sensory Plus | CPC AV - CPE Algo
Yamaha,Q4 RMAX2 Campaign,Yamaha Motor Company,Yamaha RMAX2 Q4 2021 | BIO
Yamaha,Q4 RMAX2 Campaign,Yamaha Motor Company,Yamaha RMAX2 Q4 2021 | Sensory Engagement | CPE AV
Yamaha,Q4 RMAX2 Campaign,Yamaha Motor Company,Yamaha RMAX2 Q4 2021 | Sensory Plus | CPC
Yamaha,Q4 RMAX2 Campaign,Yamaha Motor Company,Yamaha RMAX2 Q4 2021 | Sensory Plus | CPC - CPE Algo
Yamaha,Q4 RMAX2 Campaign,Yamaha Motor Company,Yamaha RMAX2 Q4 2021 | Sensory Plus | CPC AV
Yamaha,Q4 RMAX2 Campaign,Yamaha Motor Company,Yamaha RMAX2 Q4 2021 | Sensory Engagement | CPE
IWC,Fall 2020,IWC Portugieser,IWC Portugieser 2020 | AV
IWC,Fall 2020,IWC Portugieser,IWC Portugieser 2020 | BIO
IWC,Fall 2020,IWC Portugieser,IWC Portugieser 2020 | CPE | Concept 1 Scrub
IWC,Fall 2020,IWC Portugieser,IWC Portugieser 2020 | CPE | Concept 2 Physics
La Prairie,La Prairie - SCNO & ABHK (Aug - Oct 2021),La Prairie_HK,La Prairie_ABHK_2021_08_CPE_HK
IWC,Fall 2020,IWC Portugieser,IWC Portugieser 2020 | CPE | Concept 1 Scrub
IWC,Fall 2020,IWC Portugieser,IWC Portugieser 2020 | CPE | Concept 2 Physics
La Prairie,La Prairie - SCNO & ABHK (Aug - Oct 2021),La Prairie_HK,La Prairie_ABHK_2021_08_CPE_HK