campaign_name,campaign_id,advertiser_id,vertical
Timberland | Greenstrides | UK | FS & MPU | mweb,00tyn1g,iyjkhb4,Fashion
Timberland | Greenstrides | DE | FS & MPU | mweb,0cb700d,iyjkhb4,Fashion
Timberland | Greenstrides | FR | FS & MPU | mweb,lrp8hj2,iyjkhb4,Fashion
Timberland | Greenstrides | IT | FS & MPU | mweb,zqx8gzt,iyjkhb4,Fashion
KFC_MAC & CHEESE BURRITO_2021_03_SG,04c0adi,4aaxe6p,Food & Drinks
KFC_CNY_2021_02_SG - CPE Algo,o5dri69,4aaxe6p,Food & Drinks
KFC_CNY_2021_02_SG,s5140yl,4aaxe6p,Food & Drinks
Yamaha | Wolverine RMAX 1000 | Sensory User Choice | CPE - CPE Algo,04km9k8,m9os8mb,Autos
Yamaha R7 Q3 FY21 Campaign | Sensory Engagement | CPE,06uja2a,m9os8mb,Autos
Yamaha | Wolverine RMAX 1000 | Sensory Plus | AV,0jf9h9i,m9os8mb,Autos
Yamaha | Wolverine RMAX 1000 | Sensory User Choice | CPE - Look-a-Like,0sytt5e,m9os8mb,Autos
Yamaha | Wolverine RMAX 1000 | Sensory User Choice | CPE,1rtqvju,m9os8mb,Autos
Yamaha | Wolverine RMAX 1000 | Sensory User Choice | AV,2pxakzj,m9os8mb,Autos
Yamaha R7 Q3 FY21 Campaign | Sensory Plus | CPC - CPE Algo,31q0jbw,m9os8mb,Autos
Yamaha R7 Q3 FY21 Campaign | Sensory Plus | CPC AV - CPE Algo,3xpuqe4,m9os8mb,Autos
Yamaha Q2 FY21 Campaign RMAX | User Choice | CPE AV - CPE Algo,4liuood,m9os8mb,Autos
Yamaha Q2 FY21 Campaign RMAX | Sensory Plus | CPC AV,5ykmqhs,m9os8mb,Autos
Yamaha R7 Q3 FY21 Campaign | Sensory Plus | CPC,7eb8man,m9os8mb,Autos
Yamaha R7 Q3 FY21 Campaign_NEW | Sensory Plus | CPC,9twmavt,m9os8mb,Autos
Yamaha RMAX2 Q4 2021 | Sensory Engagement | CPE,bfz3zd8,m9os8mb,Autos
Yamaha Q2 FY21 Campaign X2-X4 | Sensory Plus | CPC,birmtif,m9os8mb,Autos
Yamaha Q2 FY21 Campaign X2-X4 | User Choice | CPE AV,ej5y12x,m9os8mb,Autos
Yamaha R7 Q3 FY21 Campaign | Sensory Engagement | CPE AV - CPE Algo,ffbevwd,m9os8mb,Autos
Yamaha Q2 FY21 Campaign RMAX | User Choice | CPE - CPE Algo,gp0veaj,m9os8mb,Autos
Yamaha Q2 FY21 Campaign RMAX | Sensory Plus | CPC - CPE Algo,hz84ll6,m9os8mb,Autos
Yamaha Q2 FY21 Campaign RMAX | Sensory Plus | CPC,imlxskp,m9os8mb,Autos
Yamaha RMAX2 Q4 2021 | BIO,k1jhkk2,m9os8mb,Autos
Yamaha | Wolverine RMAX 1000 | Sensory Plus | CPC,kuovjl3,m9os8mb,Autos
Yamaha R7 Q3 FY21 Campaign | Sensory Engagement | CPE AV,lszx15d,m9os8mb,Autos
Yamaha R7 Q3 FY21 Campaign | Sensory Plus | CPC AV,ov9yrx5,m9os8mb,Autos
Yamaha | Wolverine RMAX 1000 | Sensory User Choice | AV - CPE Algo,qccvyu0,m9os8mb,Autos
Yamaha Q2 FY21 Campaign X2-X4 | Sensory Plus | CPC AV,qhxj3e2,m9os8mb,Autos
Yamaha Q2 FY21 Campaign RMAX | User Choice | CPE,s6jujgg,m9os8mb,Autos
Yamaha RMAX2 Q4 2021 | Sensory Plus | CPC - CPE Algo,sz2mzma,m9os8mb,Autos
Yamaha RMAX2 Q4 2021 | Sensory Engagement | CPE AV,th6dv2z,m9os8mb,Autos
Yamaha Q2 FY21 Campaign RMAX | Sensory Plus | CPC AV - CPE Algo,tjvzrjl,m9os8mb,Autos
Yamaha Q2 FY21 Campaign X2-X4 | User Choice | CPE,u8txcc2,m9os8mb,Autos
Yamaha RMAX2 Q4 2021 | Sensory Plus | CPC AV,vcl6wfi,m9os8mb,Autos
Yamaha R7 Q3 FY21 Campaign | Sensory Engagement | CPE - CPE Algo,w7bsse2,m9os8mb,Autos
Yamaha Q2 FY21 Campaign X2-X4_NEW | Sensory Plus | CPC,x5xqvog,m9os8mb,Autos
Yamaha RMAX2 Q4 2021 | Sensory Plus | CPC,xo0r9pc,m9os8mb,Autos
Yamaha Q2 FY21 Campaign RMAX | User Choice | CPE AV,xqohpag,m9os8mb,Autos
Yamaha Q2 FY21 Campaign RMAX_NEW | Sensory Plus | CPC,ycn5m30,m9os8mb,Autos
GOV - Royal Navy - BIO,05ww536,w2kbc33,Law & Government
Royal Navy 2021 - Ratings - CPE Algo,28yi9v4,w2kbc33,Law & Government
GOV - Royal Navy - 2021,78hiz5t,w2kbc33,Law & Government
GOV - Royal Navy - Submariners Summer 2021 - CPE Algo,eobjkyn,w2kbc33,Law & Government
GOV - Fire Kills,f55bybn,w2kbc33,Law & Government
GOV - Royal Navy - Submariners Summer 2021,g563u8z,w2kbc33,Law & Government
GOV - Royal Navy - Submariners 2021,iiq7rr8,w2kbc33,Law & Government
GOV_NationalCitizenService_2021-_CPE/CTR - CPE Algo,oqilagp,w2kbc33,Law & Government
GOV - Royal Navy - 2021 - CPE Algo,ot4jkwa,w2kbc33,Law & Government
Royal Navy 2021 - Ratings,t0r66dm,w2kbc33,Law & Government
GOV_NationalCitizenService_2021-_CPE/CTR,vq8wx90,w2kbc33,Law & Government
GOV - Royal Navy - CPE Algo,x4ekuf1,w2kbc33,Law & Government
Colorado Springs - Flight 1 | P18XQDJ,09rht3k,ba9rdlp,Autos
Lexus West AWD 2021 Anchorage | Sensory Video | CPE | 320x480,0oruiyb,ba9rdlp,Autos
Lexus West | Colorado Springs BIO,0s8ri3q,ba9rdlp,Autos
Lexus West AWD 2021 Anchorage | Sensory Video | CPE | 300x250 - CPE Algo,1407yek,ba9rdlp,Autos
Lexus West AWD 2021 Spokane | Sensory Video | CPE | 300x250 - CPE Algo,1oewqq0,ba9rdlp,Autos
Lexus West | Anchorage BIO,1yqa5dq,ba9rdlp,Autos
Lexus West AWD 2021 Denver | Sensory Video | CPE | 320x480,2s186uz,ba9rdlp,Autos
Lexus West AWD 2021 Spokane | Sensory Video | CPE AV | 300x250,3pgi0nl,ba9rdlp,Autos
Lexus West | Colorado Springs | Sensory Video | CPE,6kw1wak,ba9rdlp,Autos
Lexus West | Denver | Sensory Video | CPE,7lpwg3i,ba9rdlp,Autos
Lexus West AWD 2021 Seattle | BIO,ad3mcln,ba9rdlp,Autos
Lexus West | Anchorage | Sensory Video | CPE - CPE Algo,alafaw9,ba9rdlp,Autos
Lexus West AWD 2021 Denver | Sensory Video | CPE | 300x250 - CPE Algo,d0u8o80,ba9rdlp,Autos
Lexus West AWD 2021 Spokane | Sensory Video | CPE | 320x480 - CPE Algo,ddvpi6h,ba9rdlp,Autos
Lexus West AWD 2021 Denver | Sensory Video | CPE | 320x480 - CPE Algo,f2kb193,ba9rdlp,Autos
Lexus West | Anchorage | Sensory Video | CPE,h1alafs,ba9rdlp,Autos
Lexus West AWD 2021 Anchorage | Sensory Video | CPE | 300x250,j6v5rnn,ba9rdlp,Autos
Lexus West | Seattle | Sensory Video | CPE,jp81z4p,ba9rdlp,Autos
Lexus West AWD 2021 Anchorage | Sensory Video | CPE AV | 300x250,kb7h7qt,ba9rdlp,Autos
Lexus West AWD 2021 Anchorage | Sensory Video | CPE | 320x480 - CPE Algo,kg9ilha,ba9rdlp,Autos
Lexus West AWD 2021 Seattle | Sensory Video | CPE AV | 320x480,lm6hlkr,ba9rdlp,Autos
Lexus West AWD 2021 Denver | Sensory Video | CPE AV | 320x480,ln10na0,ba9rdlp,Autos
Lexus West | Denver | Sensory Video | CPE - CPE Algo,m9ojubq,ba9rdlp,Autos
Lexus West | Seattle | Sensory Video | AV,nuavzx1,ba9rdlp,Autos
Lexus West AWD 2021 Spokane | Sensory Video | CPE | 320x480,o51w1nd,ba9rdlp,Autos
Lexus West AWD 2021 Spokane | Sensory Video | CPE | 300x250,pkrgqag,ba9rdlp,Autos
Lexus West | Seattle BIO,qydsnxq,ba9rdlp,Autos
Lexus West | Colorado Springs | Sensory Video | CPE - CPE Algo,rh0wusv,ba9rdlp,Autos
Lexus West AWD 2021 Seattle | Sensory Video | CPE | 320x480 - CPE Algo,s35rcx5,ba9rdlp,Autos
Lexus West AWD 2021 Seattle | Sensory Video | CPE | 320x480,s4meloj,ba9rdlp,Autos
Lexus West | Seattle | Sensory Video | CPE - CPE Algo,upsxkas,ba9rdlp,Autos
Lexus West AWD 2021 Denver | Sensory Video | CPE AV | 300x250,vsd9gmy,ba9rdlp,Autos
Lexus West AWD 2021 Spokane | Sensory Video | CPE AV | 320x480,xg1rcaf,ba9rdlp,Autos
Lexus West | Denver BIO,xngkqbo,ba9rdlp,Autos
Lexus West AWD 2021 Denver | Sensory Video | CPE | 300x250,ybe990l,ba9rdlp,Autos
Lexus West AWD 2021 Anchorage | Sensory Video | CPE AV | 320x480,yl9zsep,ba9rdlp,Autos
GIC | 40th Anniversary | 2021-10 | SG,0akpimr,mmzirg6,Business & Finance
Vodacom | Why Buy Online | CPE | 2021-11 | ZA,0amwhzr,0mibfzv,Computers & Technology
Vodacom | CIOT | 2021-04 | ZA,3y7petv,0mibfzv,Computers & Technology
VODACOM_STAY CONNECTED_2020_05_ZA,58oonqn,0mibfzv,Computers & Technology
VODACOM_BRAND LOYALTY_2020_10_ZA,90qbs5f,0mibfzv,Computers & Technology
Vodacom | Unlock Summer | 2021-12 | ZA,b1ik9zv,0mibfzv,Computers & Technology
VODACOM_BRAND LOYALTY_BIO,dz0bz8m,0mibfzv,Computers & Technology
Vodacom | Why Buy Online | CPL | 2021-10 | ZA,fd4t8or,0mibfzv,Computers & Technology
Vodacom | Vodapay App Laumch | CPC | 2021-11 | ZA,i45jadk,0mibfzv,Computers & Technology
VODACOM_SUMMER_2020_12_ZA,lqjrlnn,0mibfzv,Computers & Technology
VODACOM_TOGETHER 2.0_2021_02_ZA,ot0clnk,0mibfzv,Computers & Technology
VODACOM_STAY CONNECTED_2020_05_ZA - CPE Algo,qlpe826,0mibfzv,Computers & Technology
PIMCO_2021_MOY_TW,0b2gc6s,r50zu4n,Business & Finance
PIMCO_EoY Campaign_2020_11_TW,e42r2np,r50zu4n,Business & Finance
PIMCO_EoY Campaign 2_2020_12_TW,wov3naw,r50zu4n,Business & Finance
SUBWAY_BETTER FOR YOU_04_2021_SG,0d93skq,s7jstfz,Food & Drinks
SUBWAY_CHEESECHELLA_2021_02_SG,e4j8gzx,s7jstfz,Food & Drinks
SUBWAY_SPICY BUFFALO_2021_06_SG - CPE Algo,ilj9lj8,s7jstfz,Food & Drinks
SUBWAY_SPICY BUFFALO_2021_06_SG,uk24hbp,s7jstfz,Food & Drinks
Chanel | Coco Crush EOY | CPE Retargeting | 2021-12 | UK,0ejlp5z,yw0fldk,Uncategorized
Chanel | Coco Crush EOY | CPM | 2021-12 | UK,514xeuu,yw0fldk,Uncategorized
Chanel | J12 | CPE | 2021-07 | UK,s14mh05,yw0fldk,Uncategorized
Chanel | J12 | CPE | 2021-07 | UK - CPE Algo,wfrp6gz,yw0fldk,Uncategorized
Nutrella_  BARRILITO_2021_Nov,0glyi62,c53arbc,Food & Drinks
Sante Publique FR - CLICKS,0haacrj,ue5ejt6,"Beauty, Fitness & Health"
Sante Publique FR - CPE Algo,pace1ha,ue5ejt6,"Beauty, Fitness & Health"
Sante Publique FR,wmzgmay,ue5ejt6,"Beauty, Fitness & Health"
WB Tom & Jerry Movie | Colombia | Sensory Engagement Video | CPE,0jc6xsx,065wcn4,Arts & Entertainment & Books & Literature
WB Tom & Jerry Movie | Brazil | Sensory Engagement Video | AV,0r7sdr4,065wcn4,Arts & Entertainment & Books & Literature
WB Tom & Jerry Movie Japan | Sensory Engagement Video | CPE AV,90qhgfp,065wcn4,Arts & Entertainment & Books & Literature
WB Tom & Jerry Movie | Brazil | Sensory Engagement Video | CPE,efbzptp,065wcn4,Arts & Entertainment & Books & Literature
WB Tom & Jerry Movie | Colombia | Sensory Engagement Video | AV,mtmepgt,065wcn4,Arts & Entertainment & Books & Literature
WB Tom & Jerry Movie Japan | Sensory Engagement Video | CPE,uzmnk9o,065wcn4,Arts & Entertainment & Books & Literature
Lexus East | BIO,0k2sw7w,868ko1s,Autos
Lexus East | New York | Sensory Video |  CPM,410jw7v,868ko1s,Autos
Lexus East | Philadelphia | Sensory Video |  CPE AV,5qtwg2a,868ko1s,Autos
Lexus East | Philadelphia | Sensory Video |  CPM - CPE Algo,758ifo0,868ko1s,Autos
Lexus East | Boston | Sensory Video |  CPE AV,8muucqy,868ko1s,Autos
Lexus East | New York | Sensory Video |  CPM AV,9n6o7jf,868ko1s,Autos
Lexus East | New York | Sensory Video |  CPE - CPE Algo,awbu4q4,868ko1s,Autos
Lexus East | Philadelphia | Sensory Video |  CPM,bgo72sq,868ko1s,Autos
Lexus East | New York | Sensory Video |  CPE AV,dnpjc6c,868ko1s,Autos
Lexus East | Boston | Sensory Video |  CPM AV,fiwemi8,868ko1s,Autos
Lexus East | Philadelphia | Sensory Video |  CPE,j16mw3s,868ko1s,Autos
Lexus East | Boston | Sensory Video |  CPE,lvkar9i,868ko1s,Autos
Lexus East | Boston | Sensory Video |  CPM,rom3zao,868ko1s,Autos
Lexus East | New York | Sensory Video |  CPE,seurv8c,868ko1s,Autos
Lexus East | Boston | Sensory Video |  CPM - CPE Algo,shg01yl,868ko1s,Autos
Lexus East | New York | Sensory Video |  CPM - CPE Algo,t29si1w,868ko1s,Autos
Lexus East | Philadelphia | Sensory Video |  CPE - CPE Algo,v0fbymt,868ko1s,Autos
Lexus East | Boston | Sensory Video |  CPE - CPE Algo,xygdmea,868ko1s,Autos
Lexus East | Philadelphia | Sensory Video |  CPM AV,z5cjizq,868ko1s,Autos
VCA_ALHAMBRA_2020_10_APAC - CPE Algo,0mht3tv,lnbhfvi,Shopping
VCA_FRIVOLE WAVE 2_2021_SG - CPE Algo,2z6pk1p,lnbhfvi,Shopping
VCA_PDA Event_2022_01_CPL_SG,61eybew,lnbhfvi,Shopping
VCA_LUCKY SPRING_2021_03_SG,e02z1yl,lnbhfvi,Shopping
VCA_FRIVOLE_2020_10_APAC,gqd7ugl,lnbhfvi,Shopping
VCA_FRIVOLE_2020_10_APAC - CPE Algo,iz4hmdd,lnbhfvi,Shopping
VCA_FRIVOLE WAVE 2_2021_SG,mdanl1k,lnbhfvi,Shopping
VCA_ALHAMBRA_2020_10_APAC,owknxsw,lnbhfvi,Shopping
Portakabin FR Sept 2021 | CPE/CTR | FS | FR,0njjc68,qhsm37x,Business & Finance
Portakabin FR - 2020 - CPE,32v4ss1,qhsm37x,Business & Finance
Portakabin_UK_IE__BIO,5b1yyq4,qhsm37x,Business & Finance
Portakabin UK & IE - 2020 - CPE Algo,d83ewms,qhsm37x,Business & Finance
Portakabin_IE_2021_BIO,fsjxgv8,qhsm37x,Business & Finance
Portakabin UK-IE Sept 2021 | CPE/CTR | FS | UK,o9n583n,qhsm37x,Business & Finance
Portakabin UK & IE - 2020 - CPC,p6556w3,qhsm37x,Business & Finance
Portakabin UK & IE - 2020,ruxshn6,qhsm37x,Business & Finance
Portakabin_FR_2021_BIO,yb11cgq,qhsm37x,Business & Finance
Portakabin_UK_2021_BIO,zlnqccd,qhsm37x,Business & Finance
Providence Health FY21 SoCal | Sensory Engagement | CPE,0p63fo3,iibwsit,"Beauty, Fitness & Health"
Providence Health 2021 WAMT Brand Launch - MT | Sensory Video | CPE,3i3jywu,iibwsit,"Beauty, Fitness & Health"
Providence Health 2021 WAMT Brand Launch - SE WA | Sensory Video | CPE,8uzghuq,iibwsit,"Beauty, Fitness & Health"
Providence Health FY21 SoCal | Sensory Engagement | CPE AV,b76u54r,iibwsit,"Beauty, Fitness & Health"
Providence Health FY21 SoCal | Sensory Engagement | CPE AV - CPE Algo,gsk2p42,iibwsit,"Beauty, Fitness & Health"
Providence Health 2021 WAMT Brand Launch - SW WA | Sensory Video | CPE,ih2x0o1,iibwsit,"Beauty, Fitness & Health"
Providence Health FY21 | BIO,k1obdu8,iibwsit,"Beauty, Fitness & Health"
Providence Health FY21 SoCal | Sensory Video | CPE,urroor7,iibwsit,"Beauty, Fitness & Health"
Providence Health FY21 SoCal | Sensory Video | CPE - CPE Algo,uuxtvjq,iibwsit,"Beauty, Fitness & Health"
Providence Health FY21 SoCal | Sensory Engagement | CPE - CPE Algo,vnaz6z9,iibwsit,"Beauty, Fitness & Health"
Providence Health Pro Bono | Sensory Engagement | CPE,vp69jjw,iibwsit,"Beauty, Fitness & Health"
Providence Health FY21 NorCal | Sensory Engagement | CPE,wu80q88,iibwsit,"Beauty, Fitness & Health"
Providence Health FY21 NorCal | Sensory Engagement | CPE - CPE Algo,yci8mbn,iibwsit,"Beauty, Fitness & Health"
Providence Health 2021 WAMT Brand Launch - NW WA | Sensory Video | CPE,yq5qvhr,iibwsit,"Beauty, Fitness & Health"
Providence Health 2021 WAMT Brand Launch - Spokane | Sensory Video | CPE,zzza3p0,iibwsit,"Beauty, Fitness & Health"
Growth Energy Get Biofuel | User Choice | CPE - CPE Algo,0yni6sj,8wl0q9g,Computers & Technology
Growth Energy Get Biofuel | User Choice | CPE AV,9h7xuex,8wl0q9g,Computers & Technology
Growth Energy Get Biofuel | User Choice | CPE,9klwqz1,8wl0q9g,Computers & Technology
Growth Energy Get Biofuel | User Choice | CPE AV - CPE Algo,t5lx4ti,8wl0q9g,Computers & Technology
Growth Energy Get Biofuel | BIO,xh6royk,8wl0q9g,Computers & Technology
Hulu Hit Monkey | Sensory Video | CPM | Page Flip,0zem2jr,qvj14rs,Arts & Entertainment & Books & Literature
Hulu Hit Monkey | Sensory Video | CPM | Scrub,5pzl29t,qvj14rs,Arts & Entertainment & Books & Literature
Hulu Modok S1 FY21 | Sensory Engagement | CPM - CPE Algo,bb9doh1,qvj14rs,Arts & Entertainment & Books & Literature
Hulu Monsterland | BIO,c1c5dfz,qvj14rs,Arts & Entertainment & Books & Literature
Hulu Solar Opposites S2 | Sensory Video | CPM,dj5hry5,qvj14rs,Arts & Entertainment & Books & Literature
Hulu Crossing Swords | Sensory Video | AV,jgobnda,qvj14rs,Arts & Entertainment & Books & Literature
Hulu Crossing Swords | Sensory Video | CPM,jwtnbdq,qvj14rs,Arts & Entertainment & Books & Literature
Hulu Modok S1 FY21 | Sensory Video | CPM - CPE Algo,khwigyv,qvj14rs,Arts & Entertainment & Books & Literature
Hulu Modok S1 FY21 | Sensory Video | CPM AV - CPE Algo,kjkae15,qvj14rs,Arts & Entertainment & Books & Literature
Hulu Modok S1 FY21 | Sensory Engagement | CPM AV - CPE Algo,mtgcx9q,qvj14rs,Arts & Entertainment & Books & Literature
Hulu Hit Monkey | Sensory Video | CPM AV | Page Flip,mwl8ib7,qvj14rs,Arts & Entertainment & Books & Literature
Hulu Modok S1 FY21 | Sensory Video | CPM,njxvplt,qvj14rs,Arts & Entertainment & Books & Literature
Hulu_Solar Opposites - Sensory Video | CPM,r0x8pde,qvj14rs,Arts & Entertainment & Books & Literature
Hulu Monsterland | Sensory User Choice | CPM,reo17ho,qvj14rs,Arts & Entertainment & Books & Literature
Hulu Modok S1 FY21 | Sensory Video | CPM AV,t8oo0oe,qvj14rs,Arts & Entertainment & Books & Literature
Hulu Modok S1 FY21 | Sensory Engagement | CPM AV,tb07is8,qvj14rs,Arts & Entertainment & Books & Literature
Hulu Monsterland | Sensory User Choice | AV,ub561em,qvj14rs,Arts & Entertainment & Books & Literature
Hulu_Solar Opposites - Sensory Video | AV,xsqa5id,qvj14rs,Arts & Entertainment & Books & Literature
Hulu Modok S1 FY21 | Sensory Engagement | CPM,y02omzz,qvj14rs,Arts & Entertainment & Books & Literature
Hulu Solar Opposites S2 | Sensory Video | CPM AV,zqb4z95,qvj14rs,Arts & Entertainment & Books & Literature
Simple Feast US | January 2021 | CPE,0zh4j5m,35ordny,Food & Drinks
Simple Feast US Survey Q2 FY21 | CPE AV,1wt4fjo,35ordny,Food & Drinks
Simple Feast US | January 2021 | CPE - CPE Algo,4vw1lkd,35ordny,Food & Drinks
Western Union Haitian APN | Sensory Engagement Swipe Up | CPE - CPE Algo,10kpggg,8mx6l3l,Business & Finance
Western Union Haitian APN | Sensory Engagement Swipe Right | CPM - CPE Algo,2x7eh98,8mx6l3l,Business & Finance
Western Union Haitian APN Kroger/Ralph's | Sensory Engagement Scrub | CPM,3odd3wj,8mx6l3l,Business & Finance
Western Union Haitian APN | Sensory Engagement Swipe Up | CPE,4m1xjj5,8mx6l3l,Business & Finance
Western Union Haitian APN Kroger/Ralph's | Sensory Engagement Swipe | CPM,82z5cy6,8mx6l3l,Business & Finance
Western Union Haitian APN | Sensory Engagement Swipe Right | CPM AV,9thyxfo,8mx6l3l,Business & Finance
Western Union Haitian APN Kroger/Ralph's | Prospecting BIO,neteovk,8mx6l3l,Business & Finance
Western Union Haitian APN | Sensory Engagement Swipe Right | CPM,p1am879,8mx6l3l,Business & Finance
Western Union Haitian APN | Prospecting BIO,sne7bul,8mx6l3l,Business & Finance
Western Union Haitian APN | Sensory Engagement Swipe Up | CPE AV,vmc56zy,8mx6l3l,Business & Finance
Fox 9-1-1 S4 Premiere | Sensory Video | AV,12dc55z,zyuvapd,Arts & Entertainment & Books & Literature
Fox 9-1-1 S4 Premiere | Sensory Video | CPE,uk3nc14,zyuvapd,Arts & Entertainment & Books & Literature
Audi_A4_2020_09_TW - CPE Algo,12usvad,fz8n8m6,Autos
Audi_A4_2020_09_TW,t93o71j,fz8n8m6,Autos
Simulife | 320x480,18bhvjm,3gvqvbw,Uncategorized
Simulife | 320x480 - CPE Algo,ma55j34,3gvqvbw,Uncategorized
Milk It | BIO,18p8at9,xlwjuxx,Food & Drinks
Milk It | CPE AV | January-March | All Units - CPE Algo,fcvfzc8,xlwjuxx,Food & Drinks
Milk It | CPE | February-March | User Slide,fh3e8eq,xlwjuxx,Food & Drinks
Milk It | CPE | January | Swipe to Catch and Sensory Video,jt4c5rl,xlwjuxx,Food & Drinks
Milk It | CPE AV | January-March | All Units,lqcvfm0,xlwjuxx,Food & Drinks
Milk It | CPE | February-March | User Slide - CPE Algo,rf33gwg,xlwjuxx,Food & Drinks
MARMUM_JUICE_2020_09_UAE,18r15ag,o4d6v6v,Food & Drinks
UGG - Holiday Nov 2021 | CPE & CTR | FS | DE,19hr7sg,khm40l8,Fashion
BIO - UGG - Sept 2021 | CPE/CTR | FS,3jkmup3,khm40l8,Fashion
UGG - Feel You Oct 2021 | CPE & CTR | FS | DE,55a1bux,khm40l8,Fashion
UGG - Feel You Oct 2021 | CPE & CTR | FS | UK,7xxz21f,khm40l8,Fashion
BIO - UGG - Feel You | CPE & CTR | FS,8d9u70n,khm40l8,Fashion
UGG - Holiday Nov 2021 | CPE & CTR | FS | FR,frwi4yu,khm40l8,Fashion
UGG - DE Sept 2021 | CPE/CTR | FS | DE,jkr6pdd,khm40l8,Fashion
UGG - Holiday Nov 2021 | CPE & CTR | FS | UK,m1l9o3w,khm40l8,Fashion
UGG - Feel You Oct 2021 | CPE & CTR | FS | FR,m22mewj,khm40l8,Fashion
BIO - UGG - Dec 2021 | CPE&CTR | FS,rvr0bik,khm40l8,Fashion
UGG - UK Sept 2021 | CPE/CTR | FS | UK,skpl031,khm40l8,Fashion
Triumph_TW Anniversary_2020_10_HK,1bxipl1,arpx2d8,Fashion
Morinaga_TW_Line Stickers_2021_Nov,1cl9vmt,qljq7y3,Food & Drinks
Morinaga_TW_Summer Sale,5unkdfw,qljq7y3,Food & Drinks
Morinaga_TW_Line Stickers_2021_Nov - CPE Algo,e7tvxrz,qljq7y3,Food & Drinks
Morinaga_TW_Line_Stickers_BIO_2021_Nov,t3vcytf,qljq7y3,Food & Drinks
BIO_PUIG_CH_JPG,1do5h0f,s2pqbqy,Fashion
IHOP IHOPPY Hour 2021 | IHOP Competitor Conquesting | Sensory Plus | CPC,1e9ppwa,mrbnc53,Food & Drinks
IHOP IHOPPY Hour 2021 | IHOP OLO Converter RTG & LAL | Sensory Plus | CPC AV,1o4g61w,mrbnc53,Food & Drinks
IHOP Window 3 2021 Welcome Back | Casual Dining Breakfast HVA | Sensory Plus | CPC,2dd78vg,mrbnc53,Food & Drinks
IHOP Window 2 Steakhouse Bacon Bacon Lovers | Sensory Plus | CPC,2jkjx5a,mrbnc53,Food & Drinks
IHOP Window 2 Steakhouse Bacon Core IHOP Consumers - OLO Converter RTG | Sensory Plus | CPC - CPE Algo,2zoecwo,mrbnc53,Food & Drinks
IHOP - OLO Evergreen 2021 - Display - CPC - Prospecting,54c50m3,mrbnc53,Food & Drinks
IHOP Window 3 2021 Welcome Back | Foodies Contextual | Sensory Plus | CPC AV,7juq1uc,mrbnc53,Food & Drinks
IHOP IHOPPY Hour 2021 | IHOP Competitor Conquesting | Sensory Plus | CPC AV,byxcw0g,mrbnc53,Food & Drinks
IHOP IHOPPY Hour 2021 | Breakfast Visitors | Sensory Plus | CPC AV,cysy2bd,mrbnc53,Food & Drinks
IHOP Window 2 Steakhouse Bacon Core IHOP Consumers - OLO Converter RTG | Sensory Plus | CPC,dbqibb8,mrbnc53,Food & Drinks
IHOP OLO Q3 2020 | Sensory Plus | AV,e2vm93i,mrbnc53,Food & Drinks
IHOP IHOPPY Hour 2021 | Lunch-Dinner Visitors | Sensory Plus | CPC AV,efdas0o,mrbnc53,Food & Drinks
IHOP Window 3 2021 Welcome Back | Foodies Contextual | Sensory Plus | CPC,g387j2p,mrbnc53,Food & Drinks
IHOP Window 4 2021 Fall-Halloween | Fall Focused Families | Sensory Plus | CPC,ha6ata1,mrbnc53,Food & Drinks
IHOP 2021 Off-Premise Evergreen | Sensory Plus | CPC,i1i3uti,mrbnc53,Food & Drinks
IHOP IHOPPY Hour 2021 | Breakfast Visitors | Sensory Plus | CPC,irqqm1w,mrbnc53,Food & Drinks
IHOP Window 2 Steakhouse Bacon Weekday-Weekend Breakfast Visitors | Sensory Plus | CPC - CPE Algo,j0kr5b2,mrbnc53,Food & Drinks
IHOP 2021 Off-Premise Evergreen | Sensory Plus | CPC AV - CPE Algo,jxs8fq3,mrbnc53,Food & Drinks
IHOP 2021 Off-Premise Evergreen | Sensory Plus | CPC AV,l0w3tg6,mrbnc53,Food & Drinks
IHOP - OLO Evergreen 2021 - Display - CPC - Retargeting,ld820l2,mrbnc53,Food & Drinks
IHOP Window 2 Steakhouse Bacon Weekday-Weekend Breakfast Visitors | Sensory Plus | CPC,lk6l0fg,mrbnc53,Food & Drinks
IHOP IHOPPY Hour 2021 | Lunch-Dinner Visitors | Sensory Plus | CPC,mf3kq5u,mrbnc53,Food & Drinks
IHOP Window 4 2021 Fall-Halloween | Fall Holiday Adults | Sensory Plus | CPC,nm1m2fd,mrbnc53,Food & Drinks
IHOP Window 3 2021 Welcome Back | Casual Dining Lunch-Dinner HVA | Sensory Plus | CPC,ny23w6j,mrbnc53,Food & Drinks
IHOP Window 2 Steakhouse Bacon Breakfast HVA | Sensory Plus | CPC - CPE Algo,s7mmhyl,mrbnc53,Food & Drinks
IHOP OLO Q3 2020 | Sensory Plus | CPC,ueucujl,mrbnc53,Food & Drinks
IHOP Window 3 2021 Welcome Back | Casual Dining Lunch-Dinner HVA | Sensory Plus | CPC AV,vran0kf,mrbnc53,Food & Drinks
IHOP IHOPPY Hour 2021 | IHOP OLO Converter RTG & LAL | Sensory Plus | CPC,vrev678,mrbnc53,Food & Drinks
IHOP Window 3 2021 Welcome Back | Casual Dining Breakfast HVA | Sensory Plus | CPC AV,vs9rmh4,mrbnc53,Food & Drinks
IHOP Window 2 Steakhouse Bacon Breakfast HVA | Sensory Plus | CPC,xmeyjx3,mrbnc53,Food & Drinks
IHOP Window 4 2021 Fall-Halloween | Competitor Conquesting | Sensory Plus | CPC,xtqs95v,mrbnc53,Food & Drinks
IHOP Window 2 Steakhouse Bacon Bacon Lovers | Sensory Plus | CPC - CPE Algo,xw3npr4,mrbnc53,Food & Drinks
IHOP 2021 Off-Premise Evergreen | Sensory Plus | CPC - CPE Algo,y7nfoz9,mrbnc53,Food & Drinks
FEMSA_COCA COLA SEM AÇÚCAR_09_2021_BR,1estus2,1czisuf,Food & Drinks
FEMSA_COCA COLA Vila de Natal_Dec_2021_BR,dscax3x,1czisuf,Food & Drinks
FEMSA_CHÁ LEÃO COM GÁS_09_2021_BR,lklv4jw,1czisuf,Food & Drinks
Hill's_2021 Equity Campaign_2021_05_CPL_HK,1fcfpi8,4s4dvtr,Pets & Animals
Hill's_2021 Equity Campaign_BIO,9qr2afb,4s4dvtr,Pets & Animals
Hill's_2021 H2 Korea_BIO,aukjxx1,4s4dvtr,Pets & Animals
Hill's_2021 H2 Korea_2021_09_CPL_HK - CPE Algo,il2l0nw,4s4dvtr,Pets & Animals
Hill's_2021 H2 Korea_2021_09_CPL_HK,qcii3dl,4s4dvtr,Pets & Animals
Apple TV Plus | Sensory Tap | CPM | Human Story,1jkltjg,nf5ilf3,Arts & Entertainment & Books & Literature
Apple TV Plus | Sensory Tap | CPM AV | Human Story,uyt8o2p,nf5ilf3,Arts & Entertainment & Books & Literature
Apple TV Plus | Sensory Video | CPM | Foundations,yoow3mx,nf5ilf3,Arts & Entertainment & Books & Literature
JPG - Le Male,1t58zc9,la2m92y,"Beauty, Fitness & Health"
JPG - Le Male - CPE Algo,oj8mbcn,la2m92y,"Beauty, Fitness & Health"
AUDEMARS PIGUET_Q3 MALAYSIA BRANDING (MALE)_09_2020_MY,1u0b5pw,vknkzop,Fashion
AUDEMARS PIGUET_Q3 MALAYSIA BRANDING (FEMALE)_09_2020_MY,gqlsr9i,vknkzop,Fashion
Bungie Destiny 2 Season 13 FY21 Campaign | Sensory Video | CPE,1uvp7v3,0og6itu,Computers & Technology
Bungie Destiny 2 | Winback Q1 Campaign | Sensory Video | AV,5bfychu,0og6itu,Computers & Technology
Bungie Destiny 2 | Sensory User Choice | CPE,8vyp8l6,0og6itu,Computers & Technology
Bungie Destiny 2 | Sensory User Choice | AV,jrdwwyg,0og6itu,Computers & Technology
Bungie Destiny 2 Season 13 FY21 Campaign | Sensory Video | CPE AV,jxafeot,0og6itu,Computers & Technology
Bungie Destiny 2 | BIO,v4gjlku,0og6itu,Computers & Technology
Bungie Destiny 2 | Winback Q1 Campaign | Sensory Video | CPE,wyuf5qs,0og6itu,Computers & Technology
Lexus East AWD | Boston | Sensory Video | CPE,1v6glw9,yw4rq8g,Autos
Lexus East AWD | Philadelphia | Sensory Video | CPE,27vm7fx,yw4rq8g,Autos
Lexus East AWD | New York | Sensory Engagement | CPE AV,56pdfq0,yw4rq8g,Autos
Lexus East AWD | New York | Sensory Engagement | CPE,87kdp8x,yw4rq8g,Autos
Lexus East AWD | New York | Sensory Video | CPE AV,9lyf1e8,yw4rq8g,Autos
Lexus East AWD | New York | Sensory Video | CPE,bj23948,yw4rq8g,Autos
Lexus East AWD | Boston | Sensory Engagement | CPE,bna6dfy,yw4rq8g,Autos
Lexus East AWD | Boston | Sensory Video | CPE AV,cedm6s6,yw4rq8g,Autos
Lexus East AWD | Philadelphia | Sensory Engagement | CPE AV,fmo42wv,yw4rq8g,Autos
Lexus East AWD | Philadelphia | Sensory Video | CPE AV,iq1smxn,yw4rq8g,Autos
Lexus East AWD | Philadelphia | Sensory Engagement | CPE,j0ooovl,yw4rq8g,Autos
Lexus East AWD | Boston | Sensory Engagement | CPE AV,tgjcdr1,yw4rq8g,Autos
LAYS_MOVIES RELAUNCH_2020_08_ZA - CPE Algo,1vcso94,wu5tvsn,Food & Drinks
LAYS_RELAUNCH MOVIES_BIO,d16vvq8,wu5tvsn,Food & Drinks
LAYS_MOVIES RELAUNCH_2020_08_ZA,yjg6orn,wu5tvsn,Food & Drinks
No Sequence - Sensory | AV | P1B7W6H - CPE Algo,1w9zry2,oeyv9tu,"Beauty, Fitness & Health"
Ad Sequence - Sensory | CPE | P1B7VZ3 - CPE Algo,3ej4hd8,oeyv9tu,"Beauty, Fitness & Health"
No Sequence - Sensory | CPE | P1B7SXD - CPE Algo,4aw6lhl,oeyv9tu,"Beauty, Fitness & Health"
BIO Sequence - Sensory | CPE | P1B7VZ3,73y46dg,oeyv9tu,"Beauty, Fitness & Health"
No Sequence - Sensory | AV | P1B7W6H,7yxuut0,oeyv9tu,"Beauty, Fitness & Health"
Ad Sequence - Sensory | CPE | P1B7VZ3,9psdrg8,oeyv9tu,"Beauty, Fitness & Health"
No Sequence - Sensory | CPE | P1B7SXD,xydp19m,oeyv9tu,"Beauty, Fitness & Health"
Lionsgate Spiral Movie | Sensory Engagement | CPE AV - CPE Algo,22yeess,eadhfzz,Arts & Entertainment & Books & Literature
Lionsgate Spiral Movie | BIO,3dtm06y,eadhfzz,Arts & Entertainment & Books & Literature
Lionsgate Hitman's Wife's Bodyguard HE EST | Sensory Engagement | CPE | Tap & Hold,3kq5ocx,eadhfzz,Arts & Entertainment & Books & Literature
Lionsgate Hitman's Wife's Bodyguard HE | BIO,64p7l9z,eadhfzz,Arts & Entertainment & Books & Literature
Lionsgate Moonfall | Sensory Video | CPE | Parallax HA,6u57mgr,eadhfzz,Arts & Entertainment & Books & Literature
Lionsgate Hitman's Wife's Bodyguard | Sensory Video | CPE | Tap & Hold,93abu9r,eadhfzz,Arts & Entertainment & Books & Literature
Lionsgate Moonfall | Sensory Video | CPE | Tap and Hold,93xqkh5,eadhfzz,Arts & Entertainment & Books & Literature
PAUSED | Lionsgate The Protege Concept 2 | Sensory Video | CPE | Swipe Up,9hpllcs,eadhfzz,Arts & Entertainment & Books & Literature
Lionsgate Hitman's Wife's Bodyguard HE VOD | Sensory Plus | CPE AV | User Choice,a6ifb2z,eadhfzz,Arts & Entertainment & Books & Literature
Lionsgate Hitman's Wife's Bodyguard HE EST | Sensory Plus | CPE | User Choice,awhc9v0,eadhfzz,Arts & Entertainment & Books & Literature
PAUSED | Lionsgate The Protege Concept 2 | Sensory Video | CPE AV | Swipe Up,b8zsnei,eadhfzz,Arts & Entertainment & Books & Literature
Lionsgate Hitman's Wife's Bodyguard HE EST | Sensory Plus | CPE AV | User Choice,cav5ity,eadhfzz,Arts & Entertainment & Books & Literature
Lionsgate Hitman's Wife's Bodyguard HE EST | Sensory Engagement | CPE AV | Tap & Hold,cmlnqxm,eadhfzz,Arts & Entertainment & Books & Literature
Lionsgate Hitman's Wife's Bodyguard | Sensory Video | CPE | Tap & Hold - CPE Algo,cnkabcs,eadhfzz,Arts & Entertainment & Books & Literature
Lionsgate Hitman's Wife's Bodyguard | Sensory Video | CPE AV | User Choice - CPE Algo,duvsl1i,eadhfzz,Arts & Entertainment & Books & Literature
Lionsgate Moonfall | Sensory Video | CPE | Parallax - CPE Algo,f7946i8,eadhfzz,Arts & Entertainment & Books & Literature
Lionsgate Moonfall | Sensory Video | CPE | Tap and Hold HA,fdbieo5,eadhfzz,Arts & Entertainment & Books & Literature
Lionsgate Moonfall | Sensory Video | CPE | Tap and Hold - CPE Algo,fkr94ki,eadhfzz,Arts & Entertainment & Books & Literature
Lionsgate Moonfall | Sensory Video | CPE AV | Tap and Hold - CPE Algo,gav9edu,eadhfzz,Arts & Entertainment & Books & Literature
Lionsgate The Protege HE EST | Sensory Video | CPE AV | Swipe Up,gpag41k,eadhfzz,Arts & Entertainment & Books & Literature
Lionsgate Hitman's Wife's Bodyguard | Sensory Video | CPE AV | Tap & Hold - CPE Algo,gwbef0h,eadhfzz,Arts & Entertainment & Books & Literature
Version 2 | Lionsgate The Protege Concept 2 | Sensory Video | CPE AV | Swipe Up,gzjpejk,eadhfzz,Arts & Entertainment & Books & Literature
Lionsgate Hitman's Wife's Bodyguard HE EST | Sensory Plus | CPE AV | User Choice - CPE Algo,hcg6y9i,eadhfzz,Arts & Entertainment & Books & Literature
Lionsgate Moonfall | Sensory Video | CPE AV | Tap and Hold,hw6isyn,eadhfzz,Arts & Entertainment & Books & Literature
Lionsgate Hitman's Wife's Bodyguard HE VOD | Sensory Engagement | CPE | Tap & Hold,iboibnl,eadhfzz,Arts & Entertainment & Books & Literature
Lionsgate Hitman's Wife's Bodyguard | Sensory Video | CPE AV | User Choice,jdprjca,eadhfzz,Arts & Entertainment & Books & Literature
Lionsgate Hitman's Wife's Bodyguard | Sensory Video | CPE | User Choice - CPE Algo,jmu9ci8,eadhfzz,Arts & Entertainment & Books & Literature
Lionsgate Massive Talent | Prospecting BIO,jvszyhg,eadhfzz,Arts & Entertainment & Books & Literature
PAUSED | Lionsgate The Protege Concept 1 | Sensory Video | CPE AV | Tap & Hold,kas9y6m,eadhfzz,Arts & Entertainment & Books & Literature
Lionsgate Moonfall | Prospecting BIO,me5r2wx,eadhfzz,Arts & Entertainment & Books & Literature
Lionsgate Hitman's Wife's Bodyguard HE VOD | Sensory Engagement | CPE AV | Tap & Hold,n5rknhc,eadhfzz,Arts & Entertainment & Books & Literature
Lionsgate Hitman's Wife's Bodyguard HE EST | Sensory Engagement | CPE | Tap & Hold - CPE Algo,o82nxc0,eadhfzz,Arts & Entertainment & Books & Literature
Lionsgate Moonfall | Sensory Video | CPE | Tap and Hold HA - CPE Algo,okwcjzi,eadhfzz,Arts & Entertainment & Books & Literature
Lionsgate American Underdog | Sensory Video | CPE,p9ak3up,eadhfzz,Arts & Entertainment & Books & Literature
Version 2 | Lionsgate The Protege Concept 1 | Sensory Video | CPE | Tap & Hold,pv05bmf,eadhfzz,Arts & Entertainment & Books & Literature
PAUSED | Lionsgate The Protege Concept 1 | Sensory Video | CPE | Tap & Hold,r0t1lvl,eadhfzz,Arts & Entertainment & Books & Literature
Lionsgate The Protege HE VOD | Sensory Video | CPE | Swipe Up,rfauvro,eadhfzz,Arts & Entertainment & Books & Literature
Lionsgate Moonfall | Sensory Video | CPE AV | Parallax,rley3br,eadhfzz,Arts & Entertainment & Books & Literature
Lionsgate The Protege | BIO,rv3w76l,eadhfzz,Arts & Entertainment & Books & Literature
Lionsgate Moonfall | Sensory Video | CPE | Parallax HA - CPE Algo,rvfe3ty,eadhfzz,Arts & Entertainment & Books & Literature
Lionsgate Hitman's Wife's Bodyguard | Sensory Video | CPE | User Choice,ryy085y,eadhfzz,Arts & Entertainment & Books & Literature
Lionsgate Hitman's Wife's Bodyguard HE EST | Sensory Engagement | CPE AV | Tap & Hold - CPE Algo,s4ok7gd,eadhfzz,Arts & Entertainment & Books & Literature
Version 2 | Lionsgate The Protege Concept 1 | Sensory Video | CPE AV | Tap & Hold,s9qoypa,eadhfzz,Arts & Entertainment & Books & Literature
Lionsgate Spiral Movie | Sensory Engagement | CPE - CPE Algo,sjliy81,eadhfzz,Arts & Entertainment & Books & Literature
Lionsgate American Underdog | Sensory Video | CPE AV,sxmxkcr,eadhfzz,Arts & Entertainment & Books & Literature
Lionsgate Moonfall | Sensory Video | CPE | Parallax,tsn7bfr,eadhfzz,Arts & Entertainment & Books & Literature
Lionsgate The Protege HE EST | Sensory Video | CPE | Swipe Up,ud8ar0g,eadhfzz,Arts & Entertainment & Books & Literature
Lionsgate American Underdog | Prospecting BIO,w478xa2,eadhfzz,Arts & Entertainment & Books & Literature
Lionsgate Hitman's Wife's Bodyguard | Sensory Video | CPE AV | Tap & Hold,wd2pyue,eadhfzz,Arts & Entertainment & Books & Literature
Lionsgate Spiral Movie | Sensory Engagement | CPE AV,wgh1kec,eadhfzz,Arts & Entertainment & Books & Literature
Version 2 | Lionsgate The Protege Concept 2 | Sensory Video | CPE | Swipe Up,x0lpc6n,eadhfzz,Arts & Entertainment & Books & Literature
Lionsgate Hitman's Wife's Bodyguard HE EST | Sensory Plus | CPE | User Choice - CPE Algo,xxp2svy,eadhfzz,Arts & Entertainment & Books & Literature
Lionsgate Spiral Movie | Sensory Engagement | CPE,yiiwsb9,eadhfzz,Arts & Entertainment & Books & Literature
Lionsgate Hitman's Wife's Bodyguard HE VOD | Sensory Plus | CPE | User Choice,zf5n2ny,eadhfzz,Arts & Entertainment & Books & Literature
UGG Power Plant 2021 | Sensory Engagement | CPE/CTR | 320x480 | UK - CPE Algo,25d0qpt,n4aymvl,Fashion
UGG_Fall 2020_UK_CPE,5ww2uj5,n4aymvl,Fashion
UGG Power Plant 2021 | Sensory Engagement | CPE/CTR | 320x480 | UK,d1rvbc1,n4aymvl,Fashion
UGG_Fall 2020_DE_CPE - CPE Algo,hkporwn,n4aymvl,Fashion
UGG_Fall 2020_DE_CPE,m8lm9fe,n4aymvl,Fashion
Japan External Trade Organization_Wagyu Beef_2021_01_HK,265guhm,4iqeu1h,Food & Drinks
Bandai - Little nightmares 2 - CPE Algo,2846j2x,zuadrsz,Uncategorized
Bandai Scarlett Nexus 2021_CPM | CTR & VTR | FS & MPU | FR - CPE Algo,fcih1xz,zuadrsz,Uncategorized
Bandai Scarlett Nexus 2021_CPM | CTR & VTR | FS & MPU | FR,whbgbkj,zuadrsz,Uncategorized
Bandai - Little nightmares 2,xukafv6,zuadrsz,Uncategorized
BMW | X3 X4 Relaunch | 2021-12 | ZA,298ai4w,6hbtlh0,Autos
BMW_X-CREW_2020_08_ZA,b0iyskn,6hbtlh0,Autos
Calzedonia_Mare Campaign_2021_05_CPE_HK,2cxbvg4,batudd0,Fashion
KIT KAT_GOLDEN BREAK_2021_04_UAE,2ecpvxm,24lyo8e,Food & Drinks
SCOT GOV_Fatigue_08_UK,2i67evz,i29tjo4,Autos
SCOT GOV_Fatigue_08_UK - CPE Algo,xt79glm,i29tjo4,Autos
HSBC_Expats_HongKong_2021,2k0416m,ha4n75c,Business & Finance
HSBC_Expats_UnitedKingdom_2021 - CPE Algo,30al9ba,ha4n75c,Business & Finance
HSBC_Expats_UnitedKingdom_2021,7g1y91z,ha4n75c,Business & Finance
HSBC_Expats_HongKong_2021 - CPE Algo,a52ic43,ha4n75c,Business & Finance
Bulldog Gin | 2021-08 | ZA,2k2g07b,azgyn56,Food & Drinks
Bulldog Gin | Burst 2 | 2021-11 | ZA,96t9bnh,azgyn56,Food & Drinks
Create Space -- Declutter Your Home to Clear Your Mind,2oemc3d,s8nzm6h,Arts & Entertainment & Books & Literature
APN Lodge | Sensory Video | CPE AV,2sggfde,x3z09q2,"Beauty, Fitness & Health"
APN Lodge | Sensory Video | CPE AV - CPE Algo,d80h2vp,x3z09q2,"Beauty, Fitness & Health"
APN Lodge | Sensory Video | CPE,i4x1mbp,x3z09q2,"Beauty, Fitness & Health"
APN Lodge | Sensory Video | CPE - CPE Algo,pkt43p6,x3z09q2,"Beauty, Fitness & Health"
Awareness_PMI_01042022_Display,2ukxefq,3p6moz2,Arts & Entertainment & Books & Literature
Awareness_PMI_01042022_Display - CPE Algo,838emjz,3p6moz2,Arts & Entertainment & Books & Literature
TRP_China Evolution_2021_08_CPC_HK,2v9h1en,u211wt0,Business & Finance
T. Rowe Price_2021 Q1 Campaign_2021_02_CPC_HK - CPE Algo,b1zo6d3,u211wt0,Business & Finance
T. Rowe Price_2021 Q1 Campaign_2021_02_CPC_HK,ud10z5a,u211wt0,Business & Finance
Westfield - Mall Centers - Sep 2020 - CPE Algo,2xh4kit,194e1bb,Shopping
Westfield - Mall Centers - Sep 2020,et4ap8l,194e1bb,Shopping
BIO - Westfield,uou5z9f,194e1bb,Shopping
Survey - Westfield,wa098l5,194e1bb,Shopping
TNL_Set-for-Life_January_2021,2z98ivk,dmk8urv,Uncategorized
TNL_Set-for-Life_March_2021,4hy05mr,dmk8urv,Uncategorized
TNL_Set-for-Life_February_2021,8dvhkhz,dmk8urv,Uncategorized
TNL_Set-for-Life_October_2020,dc6f0ht,dmk8urv,Uncategorized
TNL_Set-for-Life_April_2021,i29z8wz,dmk8urv,Uncategorized
TNL_Set-for-Life_December_2020,k7oib64,dmk8urv,Uncategorized
TNL_Set-for-Life_August_2021,lfgds6z,dmk8urv,Uncategorized
TNL_Set-for-Life_July_2021,lsbmwm3,dmk8urv,Uncategorized
TNL_Set-for-Life_June_2021,mg3x0rt,dmk8urv,Uncategorized
TNL_Set-for-Life_November_2020,nctoonx,dmk8urv,Uncategorized
TNL_Set-for-Life_Sept_2021,tjrpofc,dmk8urv,Uncategorized
TNL_Set-for-Life_July_2021 - CPE Algo,w1otvlf,dmk8urv,Uncategorized
AY Test Campaign_2.11.21,31zg97h,1jsz9mj,Travel
AY Test_Kidoz,39xcksu,1jsz9mj,Travel
AY Test_In Market,rxukook,1jsz9mj,Travel
AY Test_Innovations 320x100,xi09whc,1jsz9mj,Travel
Olay_Regenerist_UltraRICH_November - CPE Algo,36b7iyw,bxmrnov,Fashion
BIO_Olay_Regenerist_UltraRICH_November,6pt6lgo,bxmrnov,Fashion
Olay_Regenerist_UltraRICH_November,tdiokl7,bxmrnov,Fashion
Offblak_Tea_Subscription_2020,38pd788,95nvwo5,Food & Drinks
Offblak_Tea_Subscription_2020 - CPE Algo,9zi6rd6,95nvwo5,Food & Drinks
Microsoft Teams | AV - CPE Algo,396nag0,z3mgloh,Computers & Technology
Microsoft Teams | CPE,jstiiyc,z3mgloh,Computers & Technology
Microsoft Teams | AV,mkgacg3,z3mgloh,Computers & Technology
Microsoft Teams | CPE - CPE Algo,xrm7sla,z3mgloh,Computers & Technology
GalaBingo BOSS 2021 | Sensory Engagement | CPE | FS & MPU | UK,39blh8y,gs6e7wc,Business & Finance
GalaBingo,al3ffb9,gs6e7wc,Business & Finance
GalaBingo - CPE Algo,khf90py,gs6e7wc,Business & Finance
GalaBingo BOSS 2021 | Sensory Engagement | CPE | FS & MPU | UK - CPE Algo,o61rkq0,gs6e7wc,Business & Finance
Activision Call of Duty Modern Warfare (FR),3atctzj,85vl7yj,Uncategorized
GUCCI_BELOVED_2021_05_SG,3btv7a9,1kapknc,Fashion
GUCCI_EPILOGUE_2020_12_SG,fn9jxog,1kapknc,Fashion
Clinique - EBCF | CPE | FS & MPU | FR,3irsjwj,arx7y1v,"Beauty, Fitness & Health"
Clinique - EBCF | CPE | FS & MPU | FR - CPE Algo,8aex6bq,arx7y1v,"Beauty, Fitness & Health"
DTC ads - Landing Pages - 3.2,3k4goye,wnxmn8t,Business & Finance
XBOXUK_BIO_Xandr_Audience_TES,47iue6l,wnxmn8t,Business & Finance
Test Flower Research BIO,85w9qps,wnxmn8t,Business & Finance
Custom Event tracking test,nqqf7in,wnxmn8t,Business & Finance
BIO Mechanics Test Campaign,qazwl3a,wnxmn8t,Business & Finance
DTC ads - Landing Pages,zbw3ti3,wnxmn8t,Business & Finance
Green Mountain Energy | Sensory Video | CPE | Texas,3k9e0e1,xxbj2o1,Computers & Technology
Green Mountain Energy | User Choice | CPE AV | Texas,e45a08z,xxbj2o1,Computers & Technology
Green Mountain Energy | User Choice | CPE | Texas - CPE Algo,exiaoyk,xxbj2o1,Computers & Technology
Green Mountain Energy | User Choice | CPE | Northeast,fydbmwc,xxbj2o1,Computers & Technology
Green Mountain Energy | User Choice | CPE | Texas,gut5ukg,xxbj2o1,Computers & Technology
Green Mountain Energy | User Choice | CPE AV | Northeast,nduh2ey,xxbj2o1,Computers & Technology
Green Mountain Energy | Sensory Plus | CPC | Texas,xtzm0h8,xxbj2o1,Computers & Technology
Green Mountain Energy | User Choice | CPE AV | Texas - CPE Algo,z5k4zjb,xxbj2o1,Computers & Technology
SENTOSA_BREWERKZ PHASE 2_2021_02_CPE_SG,3srbna4,kp84tx4,Travel
SENTOSA_BREWERKZ_2020_12_SG,xjeh9wv,kp84tx4,Travel
DetranRS_EMPATIA NO TRÂNSITO_Phase II_2022_Feb,3tys8eq,ahxn41a,Travel
DetranRS_EMPATIA NO TRÂNSITO_2022_Jan_BR,uf7ihqp,ahxn41a,Travel
ADDRESS_LAUNCH_2021_01_AE,3y5uw2x,k7exrtw,Travel
NESTLE_MAGGI_08_2021_UAE,3zfpd2v,k8nf0ep,Food & Drinks
NESTLE_NIDO_2020_12_UAE,k39v2qd,k8nf0ep,Food & Drinks
NESTLE_NIDO_2020_12_KSA,kp8rgjb,k8nf0ep,Food & Drinks
NESTLE_NIDO_2020_12_GCC,qhf7p0f,k8nf0ep,Food & Drinks
Lululemon_Branding_BIO,47bdyke,rpuyhjf,Fashion
Lululemon_Branding_2021_09_CPE_HK,wl382oz,rpuyhjf,Fashion
SCHRODERS_AAI_2020_07_HK,4c49ceb,ydx5zmp,Business & Finance
Schroders_GMAT_2021_06_CPL_HK,wll9i5u,ydx5zmp,Business & Finance
Brioni_Apr 2021_BIO,4lfbakk,ps1l2er,Fashion
Brioni_Apr 2021_2021_04_CPE_HK,drsk5p8,ps1l2er,Fashion
Chanel_J12_2021_06_CPE_TW,4nonngx,ktojhnu,Fashion
Cartier_Clash_2021_09_CPE_HK,4o3j9x8,56esxue,Fashion
Cartier_Clash Unlimited_2021_08_CPE_HK,cnobkrm,56esxue,Fashion
Cartier_FY22 Vday_2022_02_CPE_HK,nb373hf,56esxue,Fashion
Playstation | Sensory Plus | CPC AV,4t6wlg1,6kzmgn8,Uncategorized
Playstation | Sensory Video | CPE - CPE Algo,dml9t4e,6kzmgn8,Uncategorized
Playstation | Sensory Video | CPE AV,kwe4we0,6kzmgn8,Uncategorized
Playstation | Sensory Video | CPE,q9vbxdr,6kzmgn8,Uncategorized
Playstation | Sensory Plus | CPC,vwt6hza,6kzmgn8,Uncategorized
IWC Portugieser 2020 | CPE | Concept 1 Scrub,4wxrhf0,pw9h7cg,Fashion
IWC Portugieser 2020 | CPE | Concept 2 Physics,6lilbsk,pw9h7cg,Fashion
IWC Portugieser 2020 | BIO,lna9g2x,pw9h7cg,Fashion
IWC Portugieser 2020 | AV,vf03dnt,pw9h7cg,Fashion
CMPB June-July-Aug 2020 | Sensory | AV | English,4yzvxd7,34sazjy,Law & Government
CMPB June 2020 | Sensory | CPE | Spanish,6mgzrwx,34sazjy,Law & Government
CMPB June-July-Aug 2020 | Sensory | CPE | English,7xk1na8,34sazjy,Law & Government
CMPB June-July-Aug 2020 | Sensory | CPE | English - CPE Algo,fghdeuj,34sazjy,Law & Government
CMPB | Spanish - FY20,prezg20,34sazjy,Law & Government
CMPB June 2020 | Sensory | AV | Spanish,q7cipef,34sazjy,Law & Government
CMPB | English - FY20,tkh5mb5,34sazjy,Law & Government
CMPB June 2020 | Sensory | CPE | Spanish - CPE Algo,xpav81o,34sazjy,Law & Government
SECOM RS_Avançar RS_2022_Jan,4zklu99,z79y77i,Law & Government
SECOM RS | O JOGO VIROU | 2022-02 | BR,fne6i3m,z79y77i,Law & Government
SECOM | AVANÇA RS BENEFICIOS SOCIAIS | 2022-02 | BR,jxj5zoz,z79y77i,Law & Government
SECOM RS - Palácio Piratini 100 anos -2021 -BR,nqv2rpv,z79y77i,Law & Government
SECOM - AVANÇA RS Social Benefits,pzc2s3o,z79y77i,Law & Government
SECOM RS_Avançar RS_Phase II_2022_Jan,tt5xbcq,z79y77i,Law & Government
SECOM | SECRETARIA DA SAUDE - Vacinação Infantil Covid | 2022-02 | BR,zja0e25,z79y77i,Law & Government
FR_Blizzard-Hearthstone - CPE Algo,5ffaqyk,lq11byp,Uncategorized
FR_Blizzard-Hearthstone - Survey,r6z6fym,lq11byp,Uncategorized
FR_Blizzard-Hearthstone,xc9dcbf,lq11byp,Uncategorized
GM CES 2022 | Sensory Engagement | CPE - CPE Algo,5hqirhk,zmeq19i,Autos
GM CES 2022 | Sensory Engagement | CPE AV,6w5uvig,zmeq19i,Autos
GM CES 2022 | Sensory Engagement | CPE,hikgwks,zmeq19i,Autos
NVPC_Charity_CPL_2021_Nov,5ih9e40,toyw1ri,"News, People, Society & Online Communities"
NVPC_Charity_CPL_2021_Nov - CPE Algo,kocp2z2,toyw1ri,"News, People, Society & Online Communities"
Simple Feast _SE_Winter 2021_CPE,5jsfxh2,ws4ovcq,Food & Drinks
BIO_Simple Feast _SE_Winter 2021,6cgvq60,ws4ovcq,Food & Drinks
Simple Feast SE - CPE Algo,73t0r3u,ws4ovcq,Food & Drinks
Simple Feast - SE - BIO,9juvszw,ws4ovcq,Food & Drinks
Simple Feast _SE_Winter 2021_CPE - CPE Algo,dfhfsaw,ws4ovcq,Food & Drinks
Simple Feast SE,s2dmtni,ws4ovcq,Food & Drinks
VOLVO_XC40_2021_10_BR - CPE Algo,5oxudly,zc6nv0u,Autos
VOLVO_XC40_2021_10_BR,ei2ns58,zc6nv0u,Autos
VolvoC40-2022_BR_FS & MPU_Display_CPE,ikeuk33,zc6nv0u,Autos
Capital Group_Co-brand_2021_10_CPC_HK,5udv61c,3g5gpxc,Business & Finance
Blue Ice Beer_Lucky Draw_2021_07_CPE_HK,5y9itcd,qjas7zc,Food & Drinks
Blue Ice Beer_Lucky Draw_2021_07_CPE_HK - CPE Algo,hrckkeu,qjas7zc,Food & Drinks
Awareness_Amazon_Hotel_Transilvania_01062022_Display,5znh40z,d8wwuvq,Arts & Entertainment & Books & Literature
Awareness_Amazon_Hotel_Transilvania_01062022_Display - CPE Algo,edu7bw8,d8wwuvq,Arts & Entertainment & Books & Literature
BIO_Amazon_Hotel_Transilvania_Display,qqymiin,d8wwuvq,Arts & Entertainment & Books & Literature
McDonalds - Viewability,68y8780,w46ix36,Food & Drinks
McDonalds - Mattel - ER & Viewability Algo | FS | CPE | FR | 320x480 - CPE Algo,b9ko5t3,w46ix36,Food & Drinks
McDonalds - Minions - ER & Viewability | FR | 320x480 - CPE Algo,g9ziczh,w46ix36,Food & Drinks
McDonalds - Livre | ER% - CPE Algo | FR | 320x480,kmwyl11,w46ix36,Food & Drinks
GHD - Xmas,697wg2o,clw1e1k,Fashion
HYDRALYTE_FLOW_2021_09_AU,6984kea,xd91kq3,"Beauty, Fitness & Health"
HYDRALYTE_2020_07_AU,envyihq,xd91kq3,"Beauty, Fitness & Health"
HYDRALYTE_FLOW_2021_09_AU - CPE Algo,xe2mvpm,xd91kq3,"Beauty, Fitness & Health"
Series Mania Lille - Sensory Engagement - CPM - 320x480  - CPE Algo,69molna,tttcrg3,Arts & Entertainment & Books & Literature
Series Mania Lille - Sensory Engagement - CPM - 320x480 ,oue9fmh,tttcrg3,Arts & Entertainment & Books & Literature
FACEBOOK_CC3.0_2021_08_VN_MPU_FIA,6cuvkxe,zbeaw2v,Business & Finance
FACEBOOK_CC3.0_2021_08_VN_FS_FIA,8xrqp34,zbeaw2v,Business & Finance
FACEBOOK_CC3.0_2021_08_TH_FS_FIA,9rvabd7,zbeaw2v,Business & Finance
FACEBOOK_CC3.0_2021_08_TH_MPU_FIA,a7pee10,zbeaw2v,Business & Finance
FACEBOOK_CC3.0_2021_08_VN_MPU_PARTNER,cxmt28e,zbeaw2v,Business & Finance
FACEBOOK_CONVERSATIONAL COMMERCE_2020_09_ID,eragz04,zbeaw2v,Business & Finance
FACEBOOK_CC3.0_2021_08_TH_MPU_PARTNER,jix03tk,zbeaw2v,Business & Finance
FACEBOOK_CONVERSATIONAL COMMERCE_2020_09_TH,l5kk3r3,zbeaw2v,Business & Finance
BIO_VN,pwrrobz,zbeaw2v,Business & Finance
BIO_TH,qn3t512,zbeaw2v,Business & Finance
FACEBOOK_CC3.0_2021_08_TH_FS_PARTNER,succox1,zbeaw2v,Business & Finance
FACEBOOK_CONVERSATIONAL COMMERCE_2020_09_PH,t3ih5zj,zbeaw2v,Business & Finance
FACEBOOK_CONVERSATIONAL COMMERCE_2020_09_VN,tn05ycs,zbeaw2v,Business & Finance
FACEBOOK_CC 3.0_2021_08_VN_FS_PARTNER,twxn9u0,zbeaw2v,Business & Finance
DIOR_POP UP_2021_09_SG,6dgs1u5,dzv6gob,Shopping
UNISINOS_Graduation_Summer 22_Rebooking_2022_Feb,6eu075o,5xe7c43,Education
UNISINOS_Graduation_Summer 22_2021_Dec,zchokf6,5xe7c43,Education
TIGER_CRYSTAL INNER FIRE_10_2021_SG,6hd5fvd,nicqxo9,Food & Drinks
TIGER_CRYSTAL INNER FIRE_10_2021_SG - CPE Algo,tfa8pdd,nicqxo9,Food & Drinks
Not.CO_IceCream_Summer 22_2021_Dec,6j1sm8a,u0o3w4o,Food & Drinks
Disney Cruella | Sensory Video | CPE | DVD Purchasers/Intenders,6k0040o,qrq2h8z,Arts & Entertainment & Books & Literature
Disney Cruella | Sensory Video | CPE | Fashion & Style Aficionados,8i6te7k,qrq2h8z,Arts & Entertainment & Books & Literature
Disney Cruella | Sensory Video | CPE | Core Disney Fans,l6mgrq4,qrq2h8z,Arts & Entertainment & Books & Literature
Disney Cruella | Sensory Video | CPE | Families,q0ccu8g,qrq2h8z,Arts & Entertainment & Books & Literature
Nin Jiom_Coolmate Video Campaign_2021_11_CPE_HK,6nk5c5k,n1snkah,"Beauty, Fitness & Health"
Penfolds_EOY Thailand_2021_Nov,6q9k91h,z0wja4u,Food & Drinks
Penfolds_EOY Thailand_2021_Nov_BIO,b8iqv3u,z0wja4u,Food & Drinks
ZIG_LAUNCH_2021_04_SG,6u316r5,9strkxk,Travel
Cartier_Clash de Cartier_2020_10_TW,6ukr8lu,5jzt63f,Fashion
Cartier_Panthere_TW,p1plm9k,5jzt63f,Fashion
Cartier_EOY Campaign_2020_12_TW,pxgqda0,5jzt63f,Fashion
Cartier_Tank_2021_TW,rzxeo2r,5jzt63f,Fashion
The Botanist | Islay Dry Gin | CPE | 2021-07 | AU,6wwwwq3,11xw47u,Food & Drinks
Glo Yoga | Sensory Plus | AV,7eg7mcj,ewmnyya,"Beauty, Fitness & Health"
Glo Yoga | Sensory Plus | CPC,bg2is8d,ewmnyya,"Beauty, Fitness & Health"
Glo Yoga | BIO Prospecting,qee6c2e,ewmnyya,"Beauty, Fitness & Health"
MOET HENNESSY_HENNESSY VSOP_2021_05_MY,7gj9zqe,t0pw6ew,Food & Drinks
MOET HENNESSY_HENNESSY VSOP_2021_05_MY - CPE Algo,ovot0g1,t0pw6ew,Food & Drinks
Two Ways,7i5f7gf,giyloz5,Arts & Entertainment & Books & Literature
Ralph Lauren Eyewear | Sensory Video | CPM - CPE Algo,7kc2eud,2agqevj,Fashion
Ralph Lauren Eyewear | Sensory Video | CPM AV,cgzhgf9,2agqevj,Fashion
Ralph Lauren Eyewear | Sensory Video | CPM,fh6n9r2,2agqevj,Fashion
UOB_PAYNOW_07_2021_SG - CPE Algo,7r6gzcx,nw7chlv,Business & Finance
UOB_PAYNOW_07_2021_SG,efzh6z5,nw7chlv,Business & Finance
Samsung_Z Fold3 & Z Flip3_2021_10_HK,7siuy0i,a5ev8f2,Home & Garden
Samsung_Z Fold3 & Z Flip3_BIO,8ioy6k6,a5ev8f2,Home & Garden
Samsung_Earbuds Launch_2021_01_HK,dkfz4hc,a5ev8f2,Home & Garden
Samsung_CE AirDresser_2020_12_HK,ndm75sz,a5ev8f2,Home & Garden
Simple Feast - DK - BIO,7tdd8py,3ooazi8,Food & Drinks
Simple Feast DK - CPE,b5yn8r3,3ooazi8,Food & Drinks
Simple Feast DK - CPE Algo,bwik4qv,3ooazi8,Food & Drinks
Simple Feast _DK_Winter 2021_CPE,dfqcoiv,3ooazi8,Food & Drinks
BIO_Simple Feast _DK_Winter 2021,eq0bydo,3ooazi8,Food & Drinks
Simple Feast _DK_Winter 2021_CPE - CPE Algo,g3dy0xc,3ooazi8,Food & Drinks
Wimbledon | AELTC 2021 Virtual Hill | CPC | UK ,7vlzrj7,gi8n3op,Sports
Wimbledon_AELTC Championships 2021 | CPC | FS & MPU | US,bc0p003,gi8n3op,Sports
Wimbledon | AELTC 2021 Virtual Hill | CPC | US,ea5ueb6,gi8n3op,Sports
Wimbledon | AELTC Championships 2021 | CPC | UK,mthrncb,gi8n3op,Sports
Razor Research,7zypyyo,bocsyrw,Fashion
Port Authority GWBBS | Sensory | CPE,869rrai,jumnsdd,Travel
Nike_HKM2021_2021_10_CPE_HK,8ch8iff,z9aftmn,Sports
Nike_HO21_2021_11_CPE_HK,f734mcw,z9aftmn,Sports
Easycard_Easy Wallet Slot Machine 2_2020_12_TW,8n3tojl,fekjnbw,Travel
Easycard_Easy Wallet Credit Card_2020_10_TW,a01gqnh,fekjnbw,Travel
Easycard_Easy Wallet Temple Run_2021_01_TW,hgw1du5,fekjnbw,Travel
Easycard_Easy Wallet Slot Machine 2_BIO,jqs1ut7,fekjnbw,Travel
Easycard_Easy Wallet Slot Machine_2020_11_TW,zpdgckz,fekjnbw,Travel
Vana Living_Mackmyra AI Whisky_BIO,8s0802v,1cll6wx,Home & Garden
Vana Living_Vana Candles_2020_12_TW,oc6xwfr,1cll6wx,Home & Garden
Vana Living_Vana Candles_BIO,sm1wb0i,1cll6wx,Home & Garden
Vana Living_Mackmyra AI Whisky_2020_09_TW,zvw0u04,1cll6wx,Home & Garden
ECB - Blast | CPE | 320X480 | UK,8yn3zcd,v8xrhtl,Sports
ECB - Blast | CPE | 320X480 | UK - CPE Algo,fjvnvri,v8xrhtl,Sports
IBM Watson Flu Tracker | Sensory | CPM,95y6jbr,3nian2j,"Beauty, Fitness & Health"
IBM Watson Flu Tracker | Sensory | AV,fiwd3zo,3nian2j,"Beauty, Fitness & Health"
LG_TONE Free FP8/FP9_2021_12_CPE_HK,9jsssfe,tjmorjd,Computers & Technology
MasterCard_Spend & Save_2021_10_CPE_AU - CPE Algo,9tqcue5,zwojjrq,Business & Finance
MasterCard_Spend & Save_2021_10_CPE_AU,ifqdckg,zwojjrq,Business & Finance
MasterCard_Spend & Save_2021_05_CPE_AU - CPE Algo,m7qvo0p,zwojjrq,Business & Finance
MasterCard_Spend & Save_2022_01_CPE_AU - CPE,oi5lh9p,zwojjrq,Business & Finance
MasterCard_Protect&Security_2022_01_CPE_AU,ul2361d,zwojjrq,Business & Finance
MasterCard_Spend & Save_2021_05_CPE_AU,vpxyhep,zwojjrq,Business & Finance
Lincoln Aviator | Scrub C1 | CPM,9xhmp81,hiuobqg,Autos
Lincoln Aviator | AV,ff8lu6e,hiuobqg,Autos
Lincoln Aviator | Tap C2 | CPM,zwgnbfr,hiuobqg,Autos
Pizza Hut_Cheesy 8 Pizza_2022_01_CPC_HK,a0cp54y,lfkd499,Food & Drinks
Pizza Hut_Loooog Pizza_2021_11_CPC_HK,q1tewkx,lfkd499,Food & Drinks
TNF | HYE | BIO,a1oxtr5,1g9mem5,Fashion
TNF | HYE | CPE | 2021-07 | IT,fmkh5bv,1g9mem5,Fashion
TNF | HYE | CPE | 2021-07 | DE,j6hn3gl,1g9mem5,Fashion
TNF | HYE | CPE | 2021-07 | ITCopy,jdxgg1x,1g9mem5,Fashion
TNF | HYE | CPE | 2021-07 | FR,zgw528x,1g9mem5,Fashion
TNF | HYE | CPE | 2021-07 | UK,ziaspzh,1g9mem5,Fashion
HASE_Investment_Savings Planner Launch_2020_08_HK,a2q72xr,qpctzja,Business & Finance
HASE_SimplyFund_2020_07_HK,den6xq9,qpctzja,Business & Finance
Hennessy_NBA_2021_11_CPE_HK,a9wy3do,nmlkgbs,Food & Drinks
HUNTER'S CIDER_HOLD MY HUNTER'S_2020_11_ZA,abliitq,k8cbpp1,Food & Drinks
Heineken_Don't Drink and Drive_2020_12_TW,aew8g94,nnu34yf,Food & Drinks
MENTHOLATUM_ACNES HERO PIMPLE PATCH_2020_03_SG,agrgq95,abk13hm,Shopping
MENTHOLATUM_ACNES HERO PIMPLE PATCH_2020_03_SG - CPE Algo,cr9ov6x,abk13hm,Shopping
Pact_Coffee_2020,ahazuya,tas6gvm,Food & Drinks
Pact_Coffee_2020 - CPE Algo,q5ajsp7,tas6gvm,Food & Drinks
BIO | Pact Coffee,x64bmw8,tas6gvm,Food & Drinks
La Prairie_SCNTO_BIO,aisz2j0,mcc849t,Fashion
La Prairie_Platinum Rare_2020_12_HK,gglj2gf,mcc849t,Fashion
La Prairie_ABHK_2021_08_CPE_HK,ovd8h8p,mcc849t,Fashion
La Prairie_Platinum Rare 2021 Q1_BIO,ppuo1oj,mcc849t,Fashion
La Prairie_Platinum Rare_2021_01_HK,pysz3y8,mcc849t,Fashion
La Prairie_SCNTO_2021_08_CPE_HK,rbbo6xk,mcc849t,Fashion
American Idol | ABC S4 | Sensory Engagement | AV,akasae7,copqi05,Arts & Entertainment & Books & Literature
American Idol | ABC S4 | Sensory Engagement | CPE,inakdvw,copqi05,Arts & Entertainment & Books & Literature
EA GAMES_FIFA 21_2020_10_SG,amw02u7,jbz1hix,Arts & Entertainment & Books & Literature
EA GAMES_FIFA 21_BIO,u1ydpq0,jbz1hix,Arts & Entertainment & Books & Literature
PIMCO_Bond Matters_2020_11_HK,aok49ix,pma12lt,Business & Finance
3c3c_2300AC_2020_06_TW,asbbyrg,v9tb0d3,Shopping
Boucheron_EOY_2021_11_CPE_HK,aud4qeq,7huro8u,Fashion
Boucheron_EOY_2020_11_HK,h376dm6,7huro8u,Fashion
Boucheron_EOY 2021_BIO,mhkwoaw,7huro8u,Fashion
Boucheron_EOY_2021_11_CPE_HK - CPE Algo,ni50xvo,7huro8u,Fashion
Boucheron_EOY 2020_BIO,r1w8hum,7huro8u,Fashion
PIMCO TEST TW,axqnnnz,lzj3gzv,Business & Finance
BEA_Supreme Account Revamp_2021_08_CPEC_HK,b10tgq2,rbzzkov,Business & Finance
BEA_SupremeGold_2020_05_HK,c5wlpp7,rbzzkov,Business & Finance
BEA_2021 Q1 Campaign_2021_02_CPeC_HK - CPE Algo,orn8nb4,rbzzkov,Business & Finance
BEA_2021 Q1 Campaign_2021_02_CPeC_HK,yvwzl59,rbzzkov,Business & Finance
AUDI_E TRON_2021_01_SG,b3sw44m,qxujwgj,Autos
AUDI_A4_2020_07_SG,ku75hw0,qxujwgj,Autos
Intimissimi_Fashion Corsetry_2021_09_CPE_HK,b4o0yvk,waet9sp,Fashion
Cornerstone_Shave_2020 Campaign,bdkvzu2,uwi41ef,Fashion
GUCCI_TNF_2021_01_HK,bico1q8,69ryn5h,Fashion
Gucci | Q1 2022 Phase 2 | BIO,bumo8n2,69ryn5h,Fashion
Gucci_Winter 21_P1_BIO,e5grwh8,69ryn5h,Fashion
Gucci_Onventure_BIO,f3zxu7b,69ryn5h,Fashion
Gucci | Winter in the Park | 2021-04 | HK,hsbj2t8,69ryn5h,Fashion
Gucci_Winter 21_P2_BIO,l4el7j1,69ryn5h,Fashion
Gucci | Winter in the Park | BIO | 2021-04 | HK,l8ois2j,69ryn5h,Fashion
Gucci_Winter_2021_10_CPE_HK,nx62tgi,69ryn5h,Fashion
GUCCI | Q1 2022 Phase 2 | 2022-02 | HK,oz7cts3,69ryn5h,Fashion
Gucci_Ouverture_2021_07_CPE_HK,xtul6nz,69ryn5h,Fashion
Gucci_Q1_2022_01_CPE_HK,ycwqt7t,69ryn5h,Fashion
Chow Sang Sang_Branding_2021_09_CPE_HK,bl58bdw,nmfe8aa,Fashion
Chow Sang Sang_XMAS_2021_12_CPE_HK,fdpxv43,nmfe8aa,Fashion
J&J_NEUTROGENA RAINBATH ANTI-BACTERIAL_2020_12_SG,bp4fvov,8n91dbn,Parenting & Family
J&J - Johnson's Baby Cotton Touch,c51ebaa,8n91dbn,Parenting & Family
J&J_E COMMERCE_2021_09_SG,e00opif,8n91dbn,Parenting & Family
J&J_LISTERINE TONIC III_07_2021_SG - CPE Algo,i01rjt6,8n91dbn,Parenting & Family
J&J | Neutrogena DCFC | 2021-07 | SG,o57zrdd,8n91dbn,Parenting & Family
J&J_LISTERINE TONIC III_07_2021_SG,ombpbu7,8n91dbn,Parenting & Family
J&J | E-Commerce 6 Nov Burst | 2021-11 | SG,qogrwn3,8n91dbn,Parenting & Family
J&J_E COMMERCE_2021_06_SG,qsj56t2,8n91dbn,Parenting & Family
J&J | Neutrogena DCFC | BIO | 2021-07 | SG,yvg0ahg,8n91dbn,Parenting & Family
Instagram - Facebook for Business | RU - ER | BIO,br2iar7,xdt7f8l,Business & Finance
Instagram - Facebook for Business  | CPE | FS & MPU | RU - ER,cps2zed,xdt7f8l,Business & Finance
Jaguar_Nameplate Refresh_2021_SG,bwtaolq,4yw73yt,Autos
Jaguar_Nameplate Refresh_2021_HK,espe62s,4yw73yt,Autos
Jaguar_Nameplate Refresh_2021 BIO,yi8ca2c,4yw73yt,Autos
Balenciaga_FW Campaign_2021_09_CPE_HK,byt3g2f,f4nt6g7,Fashion
Balenciaga_Q4 Always On_2021_12_CPE_HK,s2d6f3d,f4nt6g7,Fashion
Balenciaga_Spring 22_2021_11_CPE_HK,vy3hu7o,f4nt6g7,Fashion
Netto - Le mois du pouvoir d'achat - CPE,c5x0tmd,2g8vfq2,Shopping
Netto - Le mois du pouvoir d'achat - CPE - CPE Algo,lqsk2m6,2g8vfq2,Shopping
Instituto Fortius - Test Campaign - Aug 2020,c6yk0p2,dgkxdaf,"Beauty, Fitness & Health"
Grab_CNY_2021_02_SG,c9tngcx,8rovq5u,Travel
Winamax Euro 2021 | Sensory Engagement | CTR & VTR | FS & MPU | FR,ca641tx,597tow8,Uncategorized
Winamax Euro 2021 | Sensory Engagement | CTR & VTR | FS & MPU | FR - CPE Algo,co2qfs2,597tow8,Uncategorized
LMC&Co_VanGogh Starry Night Relief Puzzle_2020_12_TW,cf3qkj0,sc7mm95,Arts & Entertainment & Books & Literature
MULTIPLAN/ PARK SHOPPING_XMAS 21 PROMO_2021_Nov_BR,chdzuis,q5l55ud,Shopping
Awareness_CarStore_12262021_Display - CPE Algo,chqm4hh,8cduha5,Autos
Awareness_CarStore_12262021_Display,qwzid8v,8cduha5,Autos
Volkswagen_Arteon TW Launch_2021_01_TW,cj2g476,jdgvcr3,Autos
VW_TW_GOLF,id5y722,jdgvcr3,Autos
VW_POLO_2021_Dec_TW,qj81tba,jdgvcr3,Autos
VW_TW_GOLF - CPE Algo,v29nodw,jdgvcr3,Autos
HEINEKEN_FESTIVE_2020_12_SG,cosp3zs,e447wpj,Food & Drinks
HEINEKEN_PURE MALT_2021_03_SG,i8hnl9c,e447wpj,Food & Drinks
HEINEKEN_PURE MALT_2021_03_SG - CPE Algo,rxcc160,e447wpj,Food & Drinks
Chanel_Coco Crush_2022_01_CPE_HK,csh7vqc,gfaqm1y,Fashion
Chanel_J12_2020_09_HK,r94r07p,gfaqm1y,Fashion
SCB_Year End 2021_2021_11_CPE_SG,cszpavu,o1xji0m,Business & Finance
SCB_Year End 2021_BIO,ey4t2q5,o1xji0m,Business & Finance
STANDARD CHARTERED_YEAR END CAMPAIGN_2020_11_SG - CPE Algo,jdoszw9,o1xji0m,Business & Finance
STANDARD CHARTERED_YEAR END CAMPAIGN_2020_11_SG,zitjfkh,o1xji0m,Business & Finance
Dyson_Valentine's Day_2021_01_HK,d0eeuc8,wr71oq8,Home & Garden
Star Bharat_2021_Oct,d2tfwcj,elo38en,Arts & Entertainment & Books & Literature
HSBC_CMB 2022 CNY_2022_01_CPC_HK,d7u1pih,dfgd0j2,Business & Finance
HSBC_CMB Digital Capability_2021_09_CPC_HK,euto1cl,dfgd0j2,Business & Finance
HSBC_HSBC Life_Family Protector_2020_10_HK,rom7u0x,dfgd0j2,Business & Finance
HyperTribe - Test - Nov 2021 | CPE | FS | UK | CTR/ER,dsk31kj,l2dyson,Arts & Entertainment & Books & Literature
HyperTribe - Test - Nov 2021 | BIO | UK | CTR/ER,m6chykm,l2dyson,Arts & Entertainment & Books & Literature
Simba | Save Your Flavour | 2021-06 | ZA,dxoi6c0,r5m4gpx,Food & Drinks
Highways England - Leisure Riders,e01oi79,fx3svms,Autos
Highways England - Leisure Riders - CPE Algo,u2t9dgi,fx3svms,Autos
GUCCI_EPILOGUE_2020_12_MY,e0ljn3j,ylg6rgy,Fashion
GUCCI_ARIA_2021_08_MY,rhap63w,ylg6rgy,Fashion
Captain Morgan | CPM | BIO | FR,e7gtidj,n0yisoj,Food & Drinks
Captain Morgan | CPM | FS & MPU | FR,pypg77p,n0yisoj,Food & Drinks
MARS - Cesar,eqmutzw,otr20ui,Pets & Animals
MARS - Dreamies - CPE Algo,hpo31u6,otr20ui,Pets & Animals
MARS - Cesar - CPE Algo,pue9lxe,otr20ui,Pets & Animals
MARS - Crave - CPE Algo,tc2fg2k,otr20ui,Pets & Animals
MARS - Dreamies,tlh0g85,otr20ui,Pets & Animals
MARS - Crave,udmxjrm,otr20ui,Pets & Animals
Converse_Twisted_Summer_2020,esaxalz,0x6yhwd,Fashion
Converse_Twisted_Summer_2020 - CPE Algo,rkt6y39,0x6yhwd,Fashion
CITY SQUARE_CNY_2021_SG,ezy9yys,rfcl517,Shopping
CITY SQUARE_CNY_2021_SG - CPE Algo,wculueq,rfcl517,Shopping
JOHNSON & JOHNSON_NICORETTE_2020_05_SG,f96g2ka,kmougl6,"Beauty, Fitness & Health"
JOHNSON & JOHNSON_NICORETTE_2020_05_SG - CPE Algo,oqlyftk,kmougl6,"Beauty, Fitness & Health"
CHANEL_J12_2021_09_SG,feu28i9,cqizhpb,Fashion
CHANEL_J12_2021_09_SG - CPE Algo,jqkttn5,cqizhpb,Fashion
VCA_FRIVOLE_2020_10_AU - CPE Algo,fndqtjx,setwwx2,Fashion
VCA_FRIVOLE WAVE 1_2021_05_AU,hx5nh7a,setwwx2,Fashion
VCA_FRIVOLE_2020_10_AU - CPE Algo_old_paused,l6olji5,setwwx2,Fashion
VCA_FRIVOLE_2020_10_AU,lnq49qr,setwwx2,Fashion
VCA_FRIVOLE WAVE 2_2021_01_AU,u0b6zzm,setwwx2,Fashion
VCA_FRIVOLE WAVE 2_2021_01_AU - CPE Algo,xmaequ4,setwwx2,Fashion
INSTAGRAM_BRAND CAMPAIGN_2020_11_KR,frznpcs,g0t59kz,Computers & Technology
INSTAGRAM_BRAND CAMPAIGN_BIO_2020_11_KR,hz6ievf,g0t59kz,Computers & Technology
HKU_HKU MBA Part Time_2020_05_HK,g248olj,g0b6c12,Education
Henri Baroduin Q2-Q3 - CPE Algo,g5j6b06,jx2ul34,Food & Drinks
Henri Baroduin Q2-Q3,qfsaizj,jx2ul34,Food & Drinks
DORITOS_NIKNAKS_2021_09_ZA,gcaeg2c,necc6de,Food & Drinks
LAZADA_12.12_ID,geft9dd,gxu82sa,Shopping
LAZADA_12.12_SG,qymwrrd,gxu82sa,Shopping
VOLKSWAGEN_TIGUAN & TOUAREG_2020_08_UAE - CPE Algo,gg0wdn2,xjy4x8m,Autos
VOLKSWAGEN_TIGUAN & TOUAREG_2020_08_UAE,wqgxoc1,xjy4x8m,Autos
IQOS_TEST_AE,gjvevrz,nkhqjau,Uncategorized
3M | Command GP India| 2022-03 | IN,gpllo5m,m7501kk,Home & Garden
3M_Command GP_2021_12_CPE_SG,r6cye48,m7501kk,Home & Garden
Puma_Suede Collection_2020_11_HK,gqsjzrg,l2xpa45,Fashion
Puma_Michael Lau_2020_12_HK,xq7cvmi,l2xpa45,Fashion
Showtime Billions | Sensory Video | CPE,gxxky7c,3sczb1c,Arts & Entertainment & Books & Literature
Showtime Dexter | Sensory Video | CPE | Targeting Blu,m8oz18r,3sczb1c,Arts & Entertainment & Books & Literature
Showtime Dexter | Sensory Video | CPE AV,mwogk7t,3sczb1c,Arts & Entertainment & Books & Literature
Showtime Billions | Sensory Video | CPE AV,qqxakx9,3sczb1c,Arts & Entertainment & Books & Literature
Showtime Dexter | Sensory Plus | CPC,tn46al9,3sczb1c,Arts & Entertainment & Books & Literature
Showtime Dexter | BIO,wsbb4r0,3sczb1c,Arts & Entertainment & Books & Literature
"Showtime Dexter | Sensory Video | CPE | Sho Loyalist, Comp, Interest",z8yohnz,3sczb1c,Arts & Entertainment & Books & Literature
SKODA_KAMIQ SCALA LAUNCH_2021_03_SG,h0iy7je,ubofxnc,Autos
Heineken | Celebration | 2021-12 | ZA,h2gis5b,6qznw7z,Food & Drinks
Heineken | Celebration | BIO | 2021-12 | ZA,wsksz2h,6qznw7z,Food & Drinks
HERMES_CHRISTMAS - CPE Algo,h2ux5bw,wdk0v1z,Shopping
HERMES_CHRISTMAS,i3o5346,wdk0v1z,Shopping
Hermes | Christmas 2021 | 2021-12 | SG,k0x9wf6,wdk0v1z,Shopping
Hermes Fashion Week 2021,rit68nx,wdk0v1z,Shopping
C2 Discovery - SenEng | P14LDBY,hbh3kcu,3pr1acv,Uncategorized
C1 Suction - SenVid | P14LDBX,htoq3pj,3pr1acv,Uncategorized
AV Gen - AV | P14QWXH,vqlrp2n,3pr1acv,Uncategorized
Warners Distillery_May_2020,hln4gzz,izhdeux,Food & Drinks
DR REDDY_REBALANZ_06_2021_IN,hpd6vmu,fns07gv,Food & Drinks
Lego Technic 2021 | CPE/CTR | FS | UK,i26agy9,zrmrl0s,Uncategorized
Lego Arts & Crafts 2022 | CPE | FS | UK,ysqvyh4,zrmrl0s,Uncategorized
Mirae Asset_MAGI_2021_06_CPE_HK,id350y1,sc0ktki,Business & Finance
NETFLIX_BLOOD & WATER_2020_05_ZA,if1no3v,hvmwrsl,Arts & Entertainment & Books & Literature
NETFLIX_SERIOUSLY SINGLE_2020_07_ZA,qgznjju,hvmwrsl,Arts & Entertainment & Books & Literature
Netflix - Queen Sono,w9n1k69,hvmwrsl,Arts & Entertainment & Books & Literature
Continental Cafe_2021_Nov,ighy3aa,6u7wp8z,Food & Drinks
Portakabin_FR_BIO,ijra9gz,3ku2641,Business & Finance
Portakabin FR - Brand Awareness 2020,o5jscty,3ku2641,Business & Finance
Portakabin FR - Brand Awareness 2020 - CPE Algo,uwyvrja,3ku2641,Business & Finance
HKTB_CNY Campaign_2021_02_HK,imlr4fu,c0ygpdz,Travel
HKTB_Art in HK 2021_2021_05_CPE_HK,mv5rsxs,c0ygpdz,Travel
HKTB_CNY Campaign_BIO,vu1kza7,c0ygpdz,Travel
UGG Power Plant 2021 | Sensory Engagement | CPE/CTR | 320x480 | DE,isgt2w2,f8mpugm,Fashion
UGG Power Plant 2021 | Sensory Engagement | CPE/CTR | 320x480 | DE - CPE Algo,nat2a8t,f8mpugm,Fashion
Dabur - Honey Tasties Phase II- 2021 Dec,j2up4nk,k71sz3r,Food & Drinks
Dabur - Honey Tasties - 2021 -Nov,qgu0ph3,k71sz3r,Food & Drinks
SSGA_SPDR_2021_10_CPE_HK,j3hxha6,szw2c4a,Business & Finance
Dreamies,j9s1yjp,icj4cb2,Pets & Animals
SEAT Leon,jcj15an,juva6fo,Autos
SEAT Leon - CPE Algo,xj7nmiu,juva6fo,Autos
Seat Leon - Survey,xxn40p2,juva6fo,Autos
Nelogica_Profit,jgw6x2r,byji67v,Business & Finance
EL - Breast Cancer,jlhranu,mfwdmxt,Fashion
Salesforce Customer 360 CRM 2021| CPE | FS & MPU | UK - CPE Algo,k54ncm5,xfsq3pc,Business & Finance
Salesforce Customer 360 CRM 2021| CPE | FS & MPU | UK,kxo5yi7,xfsq3pc,Business & Finance
Winamax FR,kfbwjup,yc0x42x,Arts & Entertainment & Books & Literature
Winamax FR BIO,xp5j5p9,yc0x42x,Arts & Entertainment & Books & Literature
OREO_Back to School_2020_08_HK,kjnb80f,3k33znq,Food & Drinks
Gucci | 100th Anniversary | 2021-10 | VN,kkbbnam,8afuywq,Fashion
Windhoek Beer | CPE | 2021-12 | ZA,kqyj2bm,6lmxry9,Food & Drinks
Windhoek Beer | BIO | 2021-12 | ZA,r6xqb4a,6lmxry9,Food & Drinks
PHILIPS_AIR FRYER_2021_06_SG,kz2x0gx,xy3ruyk,Shopping
Facebook | WhatsApp D-Mode | 2021-09 | UK,l0p6i77,9cujvfe,"News, People, Society & Online Communities"
Warner Bro_Godzilla VS Kong_2021_03_CPE_TW,ldy2dsr,xf9xsxp,Arts & Entertainment & Books & Literature
JPM_China Funds_2021_05_CPL_HK,lepkffp,qo2pgri,Business & Finance
JPM_AM ATRB_2020_08_HK,pfvty3g,qo2pgri,Business & Finance
SPRITE_LETS BE CLEAR_09_2021_KE,ltlgqe6,q2fhdoa,Food & Drinks
SoFi_Hong Kong App_2020_05_HK,m0c5yv6,byxsdso,Business & Finance
SoFi_Stock Trading_2021_05_CPE_HK,t5qe8jn,byxsdso,Business & Finance
MENTHOLATUM_ROHTO EYEDROPS_2020_04_APAC - CPE Algo,m353fdu,06n1s7k,Shopping
MENTHOLATUM_ROHTO EYEDROPS_2020_04_APAC,ukgqykk,06n1s7k,Shopping
CHECKERS_PROJECT P_2021_10_ZA,mc36e3t,9upg5ub,Shopping
Blue Insurance_3 AVY_2021_09_CPE_HK,mytps8u,ykb7x99,Business & Finance
NAC_SINGAPORE WRITERS FESTIVAL_2020_10_SG,n7hufx8,9mdj7if,Uncategorized
LG_Velvet Phone_2020_08_TW,ndadwps,b8que2v,Computers & Technology
Royal Caribbean_HK 2021_2021_11_CPC_HK,nur2eiq,xh8di50,Travel
Popsa UK_August_2020_CPI,o0ynvsw,iebocuz,Computers & Technology
AFG_Food from the Heart_2020_06_SG,o46tfr2,b9jam7u,"News, People, Society & Online Communities"
DBS_SPARKS_BIO,omedt0k,bs02ue0,Business & Finance
DBS_SPARKS_2020_08_SG,stxcv5g,bs02ue0,Business & Finance
EPS_PPS Share Cash Rebate_2021_11_CPE_HK,ovi4n1r,c9m6jxw,Business & Finance
Manulife_Income Campaign_2021_05_CPC_SG,p3nrpdn,74r8vki,Business & Finance
Skincare Research,pj60lq3,ecg6bju,"Beauty, Fitness & Health"
DABUR CHYAWANPRASH_2020_06_APAC,pyvnljv,fzo6zun,"Beauty, Fitness & Health"
Universal Pictures_Clifford the Big Red Dog_2021_Nov,qe4i576,yskoy65,Arts & Entertainment & Books & Literature
Ipanema -- Sempre Nova 2020,r0iw0ei,5mw4obf,Fashion
Rainha - Fashion,r8foaaa,ojoas1b,Fashion
FRESH_ROSE DEEP HYDRATION_2020_05_SG,ra5tfkm,lij56xv,Fashion
FRESH_ROSE DEEP HYDRATION_2020_05_SG - CPE Algo,wrvdhvv,lij56xv,Fashion
FanDuel Daily Fantasy,rgc8tml,es4qpx3,Sports
PUIG JPG Scandal,rmhuton,hdp8nzn,Fashion
Livspace_Before & After_2021_12_CPE_ZA,s05278e,9a4if83,Home & Garden
Adludio - Superhero,s5jdnmd,27xe2ig,Business & Finance
Discovery OWN Cherish The Day | Sensory Video | CPE,sh2atls,w9ctawy,Arts & Entertainment & Books & Literature
FAIRPRICE_CHRISTMAS_11_2020_SG,shzqhfn,4dha6fj,Food & Drinks
Volkswagen LCV,smk8klb,xld4czy,Autos
3M_Disposable Mop & Refill CNY_2021_01_HK,su0xeka,etesfas,Home & Garden
FWD_VHIS Campaign_2021_02_HK,swvmjtx,k0mlrg7,Business & Finance
Tiffany & Co_2021_Nov_CPC,tdlazeo,yoqut1x,Fashion
Tiffany & Co_2021_Nov_CPC - CPE Algo,y9a5ncq,yoqut1x,Fashion
MOX BANK_BRANDING_2021_03_HK_CPE,tnh1z4q,y3u7hvy,Business & Finance
DKSH_HIRUSCAR_2020_04_SG,tq8kpdt,7r0m5aj,"Beauty, Fitness & Health"
KFC_SUMMER TWISTER_2020_12_ZA,uasalyl,lfi4zkw,Food & Drinks
Grofers_Veggies Noodles_2021_Dec,v05wdc5,elyyxhd,Food & Drinks
FT Life_HC168_2020_11_HK,v0zf3zx,theqknf,Business & Finance
MasterCard_Taobao Co-branded Card_2020_10_HK,vawq6ha,ejm9wjh,Business & Finance
Crax | Crax Curls Lucknow | 2021-12 | IN,vfi1hu1,a3w1g5y,Food & Drinks
Which?_Washing_Machines_May_2020 Performance,vuc7bik,v6zfymu,Shopping
KOSE_ADDICTION_2020_08_HK,w9cefu7,5jwc8hb,Shopping
Amazon | Shop Your Own Language | 2021-12 | IN,wgqdbvp,i3txgbf,Shopping
OLAY_DROPER X HARRISON_2020_04_HK,xa2hvl1,ko7pu0w,Shopping
Zespri_Q2 Branding_2020_05_HK,xhpctpz,eewze9h,Food & Drinks
BUDWEISER_MESSI_2020_12,xvngbc2,8kxvy4t,Food & Drinks
Awareness_Blue Cross_11182021_Display,ycoprqu,7ix4xox,Pets & Animals
VCA - POT Wave 2 MY,yp6ubz3,ftpza9z,Fashion
SONY PICTURES_ESCAPE ROOM_2021_09_SG,yr6kgss,rn3nwig,Arts & Entertainment & Books & Literature
JP Morgan_2021 Q1_2020_12_TW,yvmem96,d0ep3uf,Business & Finance
DTC - Silent Pool,yw75llx,pmozs3c,Food & Drinks
Adludio_Xandr_TEST,zbhm9fd,4okol8d,Business & Finance
Clinica Fortius Contextual,zdesx1j,cv9y7rq,"Beauty, Fitness & Health"
Fox_9-1-1 Lonestar,znvfr5m,d049ama,Arts & Entertainment & Books & Literature
COVID BIO,zqtvn9u,5oc0ibp,"News, People, Society & Online Communities"
Lionsgate Massive Talent | Sensory Video | CPE | Page Flip,33a5irz,eadhfzz,Arts & Entertainment & Books & Literature
Lionsgate Massive Talent | Sensory Video | CPE AV | User Slider,35u9n2n,eadhfzz,Arts & Entertainment & Books & Literature
Lionsgate Massive Talent | Sensory Video | CPE | User Slider,g659gcr,eadhfzz,Arts & Entertainment & Books & Literature
Lionsgate Massive Talent | Sensory Video | CPE AV | Page Flip,yqhxo6r,eadhfzz,Arts & Entertainment & Books & Literature
Playstation Spring Sale | Sensory Plus | CPC,lo4viz2,6kzmgn8,Uncategorized
Playstation Spring Sale | Sensory Engagement | CPE,m7vqux6,6kzmgn8,Uncategorized
3M | Scrub Dots | SG | 2022-04,qh9djcn,m7501kk,Home & Garden
